#pragma once
#include <Arduino.h>

// Sarabun 14px scaled from the proven 18px VLW.
// Thai combining-mark advances and negative offsets are preserved.
static const uint8_t sarabun14_fixed[] PROGMEM = {
  0x00, 0x00, 0x00, 0xB6, 0x00, 0x00, 0x00, 0x0B, 0x00, 0x00, 0x00, 0x0E, 0x00, 0x00, 0x00, 0x00,
  0x00, 0x00, 0x00, 0x10, 0x00, 0x00, 0x00, 0x04, 0x00, 0x00, 0x00, 0x20, 0x00, 0x00, 0x00, 0x00,
  0x00, 0x00, 0x00, 0x00, 0x00, 0x00, 0x00, 0x03, 0x00, 0x00, 0x00, 0x00, 0x00, 0x00, 0x00, 0x00,
  0x00, 0x00, 0x00, 0x00, 0x00, 0x00, 0x00, 0x21, 0x00, 0x00, 0x00, 0x09, 0x00, 0x00, 0x00, 0x03,
  0x00, 0x00, 0x00, 0x03, 0x00, 0x00, 0x00, 0x09, 0x00, 0x00, 0x00, 0x00, 0x00, 0x00, 0x00, 0x00,
  0x00, 0x00, 0x00, 0x22, 0x00, 0x00, 0x00, 0x09, 0x00, 0x00, 0x00, 0x05, 0x00, 0x00, 0x00, 0x05,
  0x00, 0x00, 0x00, 0x09, 0x00, 0x00, 0x00, 0x00, 0x00, 0x00, 0x00, 0x00, 0x00, 0x00, 0x00, 0x23,
  0x00, 0x00, 0x00, 0x09, 0x00, 0x00, 0x00, 0x09, 0x00, 0x00, 0x00, 0x09, 0x00, 0x00, 0x00, 0x09,
  0x00, 0x00, 0x00, 0x00, 0x00, 0x00, 0x00, 0x00, 0x00, 0x00, 0x00, 0x24, 0x00, 0x00, 0x00, 0x0C,
  0x00, 0x00, 0x00, 0x07, 0x00, 0x00, 0x00, 0x07, 0x00, 0x00, 0x00, 0x0B, 0x00, 0x00, 0x00, 0x00,
  0x00, 0x00, 0x00, 0x00, 0x00, 0x00, 0x00, 0x25, 0x00, 0x00, 0x00, 0x09, 0x00, 0x00, 0x00, 0x0C,
  0x00, 0x00, 0x00, 0x0C, 0x00, 0x00, 0x00, 0x09, 0x00, 0x00, 0x00, 0x00, 0x00, 0x00, 0x00, 0x00,
  0x00, 0x00, 0x00, 0x26, 0x00, 0x00, 0x00, 0x0A, 0x00, 0x00, 0x00, 0x09, 0x00, 0x00, 0x00, 0x09,
  0x00, 0x00, 0x00, 0x09, 0x00, 0x00, 0x00, 0x00, 0x00, 0x00, 0x00, 0x00, 0x00, 0x00, 0x00, 0x27,
  0x00, 0x00, 0x00, 0x09, 0x00, 0x00, 0x00, 0x03, 0x00, 0x00, 0x00, 0x03, 0x00, 0x00, 0x00, 0x09,
  0x00, 0x00, 0x00, 0x00, 0x00, 0x00, 0x00, 0x00, 0x00, 0x00, 0x00, 0x28, 0x00, 0x00, 0x00, 0x0C,
  0x00, 0x00, 0x00, 0x05, 0x00, 0x00, 0x00, 0x05, 0x00, 0x00, 0x00, 0x0B, 0x00, 0x00, 0x00, 0x00,
  0x00, 0x00, 0x00, 0x00, 0x00, 0x00, 0x00, 0x29, 0x00, 0x00, 0x00, 0x0C, 0x00, 0x00, 0x00, 0x04,
  0x00, 0x00, 0x00, 0x04, 0x00, 0x00, 0x00, 0x0B, 0x00, 0x00, 0x00, 0x00, 0x00, 0x00, 0x00, 0x00,
  0x00, 0x00, 0x00, 0x2A, 0x00, 0x00, 0x00, 0x0A, 0x00, 0x00, 0x00, 0x07, 0x00, 0x00, 0x00, 0x07,
  0x00, 0x00, 0x00, 0x0A, 0x00, 0x00, 0x00, 0x00, 0x00, 0x00, 0x00, 0x00, 0x00, 0x00, 0x00, 0x2B,
  0x00, 0x00, 0x00, 0x07, 0x00, 0x00, 0x00, 0x09, 0x00, 0x00, 0x00, 0x09, 0x00, 0x00, 0x00, 0x07,
  0x00, 0x00, 0x00, 0x00, 0x00, 0x00, 0x00, 0x00, 0x00, 0x00, 0x00, 0x2C, 0x00, 0x00, 0x00, 0x05,
  0x00, 0x00, 0x00, 0x04, 0x00, 0x00, 0x00, 0x04, 0x00, 0x00, 0x00, 0x02, 0x00, 0x00, 0x00, 0x00,
  0x00, 0x00, 0x00, 0x00, 0x00, 0x00, 0x00, 0x2D, 0x00, 0x00, 0x00, 0x04, 0x00, 0x00, 0x00, 0x05,
  0x00, 0x00, 0x00, 0x05, 0x00, 0x00, 0x00, 0x04, 0x00, 0x00, 0x00, 0x00, 0x00, 0x00, 0x00, 0x00,
  0x00, 0x00, 0x00, 0x2E, 0x00, 0x00, 0x00, 0x02, 0x00, 0x00, 0x00, 0x03, 0x00, 0x00, 0x00, 0x03,
  0x00, 0x00, 0x00, 0x02, 0x00, 0x00, 0x00, 0x00, 0x00, 0x00, 0x00, 0x00, 0x00, 0x00, 0x00, 0x2F,
  0x00, 0x00, 0x00, 0x0B, 0x00, 0x00, 0x00, 0x07, 0x00, 0x00, 0x00, 0x05, 0x00, 0x00, 0x00, 0x0A,
  0xFF, 0xFF, 0xFF, 0xFF, 0x00, 0x00, 0x00, 0x00, 0x00, 0x00, 0x00, 0x30, 0x00, 0x00, 0x00, 0x09,
  0x00, 0x00, 0x00, 0x08, 0x00, 0x00, 0x00, 0x08, 0x00, 0x00, 0x00, 0x09, 0x00, 0x00, 0x00, 0x00,
  0x00, 0x00, 0x00, 0x00, 0x00, 0x00, 0x00, 0x31, 0x00, 0x00, 0x00, 0x09, 0x00, 0x00, 0x00, 0x08,
  0x00, 0x00, 0x00, 0x08, 0x00, 0x00, 0x00, 0x09, 0x00, 0x00, 0x00, 0x00, 0x00, 0x00, 0x00, 0x00,
  0x00, 0x00, 0x00, 0x32, 0x00, 0x00, 0x00, 0x09, 0x00, 0x00, 0x00, 0x08, 0x00, 0x00, 0x00, 0x08,
  0x00, 0x00, 0x00, 0x09, 0x00, 0x00, 0x00, 0x00, 0x00, 0x00, 0x00, 0x00, 0x00, 0x00, 0x00, 0x33,
  0x00, 0x00, 0x00, 0x09, 0x00, 0x00, 0x00, 0x08, 0x00, 0x00, 0x00, 0x08, 0x00, 0x00, 0x00, 0x09,
  0x00, 0x00, 0x00, 0x00, 0x00, 0x00, 0x00, 0x00, 0x00, 0x00, 0x00, 0x34, 0x00, 0x00, 0x00, 0x09,
  0x00, 0x00, 0x00, 0x08, 0x00, 0x00, 0x00, 0x08, 0x00, 0x00, 0x00, 0x09, 0x00, 0x00, 0x00, 0x00,
  0x00, 0x00, 0x00, 0x00, 0x00, 0x00, 0x00, 0x35, 0x00, 0x00, 0x00, 0x09, 0x00, 0x00, 0x00, 0x08,
  0x00, 0x00, 0x00, 0x08, 0x00, 0x00, 0x00, 0x09, 0x00, 0x00, 0x00, 0x00, 0x00, 0x00, 0x00, 0x00,
  0x00, 0x00, 0x00, 0x36, 0x00, 0x00, 0x00, 0x0A, 0x00, 0x00, 0x00, 0x08, 0x00, 0x00, 0x00, 0x08,
  0x00, 0x00, 0x00, 0x0A, 0x00, 0x00, 0x00, 0x00, 0x00, 0x00, 0x00, 0x00, 0x00, 0x00, 0x00, 0x37,
  0x00, 0x00, 0x00, 0x09, 0x00, 0x00, 0x00, 0x08, 0x00, 0x00, 0x00, 0x08, 0x00, 0x00, 0x00, 0x09,
  0x00, 0x00, 0x00, 0x00, 0x00, 0x00, 0x00, 0x00, 0x00, 0x00, 0x00, 0x38, 0x00, 0x00, 0x00, 0x09,
  0x00, 0x00, 0x00, 0x08, 0x00, 0x00, 0x00, 0x08, 0x00, 0x00, 0x00, 0x09, 0x00, 0x00, 0x00, 0x00,
  0x00, 0x00, 0x00, 0x00, 0x00, 0x00, 0x00, 0x39, 0x00, 0x00, 0x00, 0x0A, 0x00, 0x00, 0x00, 0x08,
  0x00, 0x00, 0x00, 0x08, 0x00, 0x00, 0x00, 0x09, 0x00, 0x00, 0x00, 0x00, 0x00, 0x00, 0x00, 0x00,
  0x00, 0x00, 0x00, 0x3A, 0x00, 0x00, 0x00, 0x07, 0x00, 0x00, 0x00, 0x03, 0x00, 0x00, 0x00, 0x03,
  0x00, 0x00, 0x00, 0x07, 0x00, 0x00, 0x00, 0x00, 0x00, 0x00, 0x00, 0x00, 0x00, 0x00, 0x00, 0x3B,
  0x00, 0x00, 0x00, 0x09, 0x00, 0x00, 0x00, 0x03, 0x00, 0x00, 0x00, 0x03, 0x00, 0x00, 0x00, 0x07,
  0x00, 0x00, 0x00, 0x00, 0x00, 0x00, 0x00, 0x00, 0x00, 0x00, 0x00, 0x3C, 0x00, 0x00, 0x00, 0x08,
  0x00, 0x00, 0x00, 0x09, 0x00, 0x00, 0x00, 0x09, 0x00, 0x00, 0x00, 0x08, 0x00, 0x00, 0x00, 0x00,
  0x00, 0x00, 0x00, 0x00, 0x00, 0x00, 0x00, 0x3D, 0x00, 0x00, 0x00, 0x05, 0x00, 0x00, 0x00, 0x09,
  0x00, 0x00, 0x00, 0x09, 0x00, 0x00, 0x00, 0x05, 0x00, 0x00, 0x00, 0x00, 0x00, 0x00, 0x00, 0x00,
  0x00, 0x00, 0x00, 0x3E, 0x00, 0x00, 0x00, 0x08, 0x00, 0x00, 0x00, 0x09, 0x00, 0x00, 0x00, 0x09,
  0x00, 0x00, 0x00, 0x08, 0x00, 0x00, 0x00, 0x00, 0x00, 0x00, 0x00, 0x00, 0x00, 0x00, 0x00, 0x3F,
  0x00, 0x00, 0x00, 0x09, 0x00, 0x00, 0x00, 0x06, 0x00, 0x00, 0x00, 0x06, 0x00, 0x00, 0x00, 0x09,
  0x00, 0x00, 0x00, 0x00, 0x00, 0x00, 0x00, 0x00, 0x00, 0x00, 0x00, 0x40, 0x00, 0x00, 0x00, 0x0B,
  0x00, 0x00, 0x00, 0x0C, 0x00, 0x00, 0x00, 0x0C, 0x00, 0x00, 0x00, 0x08, 0x00, 0x00, 0x00, 0x00,
  0x00, 0x00, 0x00, 0x00, 0x00, 0x00, 0x00, 0x41, 0x00, 0x00, 0x00, 0x09, 0x00, 0x00, 0x00, 0x09,
  0x00, 0x00, 0x00, 0x09, 0x00, 0x00, 0x00, 0x09, 0x00, 0x00, 0x00, 0x00, 0x00, 0x00, 0x00, 0x00,
  0x00, 0x00, 0x00, 0x42, 0x00, 0x00, 0x00, 0x09, 0x00, 0x00, 0x00, 0x08, 0x00, 0x00, 0x00, 0x08,
  0x00, 0x00, 0x00, 0x09, 0x00, 0x00, 0x00, 0x00, 0x00, 0x00, 0x00, 0x00, 0x00, 0x00, 0x00, 0x43,
  0x00, 0x00, 0x00, 0x09, 0x00, 0x00, 0x00, 0x09, 0x00, 0x00, 0x00, 0x09, 0x00, 0x00, 0x00, 0x09,
  0x00, 0x00, 0x00, 0x00, 0x00, 0x00, 0x00, 0x00, 0x00, 0x00, 0x00, 0x44, 0x00, 0x00, 0x00, 0x09,
  0x00, 0x00, 0x00, 0x09, 0x00, 0x00, 0x00, 0x09, 0x00, 0x00, 0x00, 0x09, 0x00, 0x00, 0x00, 0x00,
  0x00, 0x00, 0x00, 0x00, 0x00, 0x00, 0x00, 0x45, 0x00, 0x00, 0x00, 0x09, 0x00, 0x00, 0x00, 0x07,
  0x00, 0x00, 0x00, 0x07, 0x00, 0x00, 0x00, 0x09, 0x00, 0x00, 0x00, 0x00, 0x00, 0x00, 0x00, 0x00,
  0x00, 0x00, 0x00, 0x46, 0x00, 0x00, 0x00, 0x09, 0x00, 0x00, 0x00, 0x07, 0x00, 0x00, 0x00, 0x07,
  0x00, 0x00, 0x00, 0x09, 0x00, 0x00, 0x00, 0x00, 0x00, 0x00, 0x00, 0x00, 0x00, 0x00, 0x00, 0x47,
  0x00, 0x00, 0x00, 0x09, 0x00, 0x00, 0x00, 0x09, 0x00, 0x00, 0x00, 0x09, 0x00, 0x00, 0x00, 0x09,
  0x00, 0x00, 0x00, 0x00, 0x00, 0x00, 0x00, 0x00, 0x00, 0x00, 0x00, 0x48, 0x00, 0x00, 0x00, 0x09,
  0x00, 0x00, 0x00, 0x09, 0x00, 0x00, 0x00, 0x09, 0x00, 0x00, 0x00, 0x09, 0x00, 0x00, 0x00, 0x00,
  0x00, 0x00, 0x00, 0x00, 0x00, 0x00, 0x00, 0x49, 0x00, 0x00, 0x00, 0x09, 0x00, 0x00, 0x00, 0x04,
  0x00, 0x00, 0x00, 0x04, 0x00, 0x00, 0x00, 0x09, 0x00, 0x00, 0x00, 0x00, 0x00, 0x00, 0x00, 0x00,
  0x00, 0x00, 0x00, 0x4A, 0x00, 0x00, 0x00, 0x09, 0x00, 0x00, 0x00, 0x06, 0x00, 0x00, 0x00, 0x06,
  0x00, 0x00, 0x00, 0x09, 0x00, 0x00, 0x00, 0x00, 0x00, 0x00, 0x00, 0x00, 0x00, 0x00, 0x00, 0x4B,
  0x00, 0x00, 0x00, 0x09, 0x00, 0x00, 0x00, 0x09, 0x00, 0x00, 0x00, 0x08, 0x00, 0x00, 0x00, 0x09,
  0x00, 0x00, 0x00, 0x00, 0x00, 0x00, 0x00, 0x00, 0x00, 0x00, 0x00, 0x4C, 0x00, 0x00, 0x00, 0x09,
  0x00, 0x00, 0x00, 0x07, 0x00, 0x00, 0x00, 0x07, 0x00, 0x00, 0x00, 0x09, 0x00, 0x00, 0x00, 0x00,
  0x00, 0x00, 0x00, 0x00, 0x00, 0x00, 0x00, 0x4D, 0x00, 0x00, 0x00, 0x09, 0x00, 0x00, 0x00, 0x0B,
  0x00, 0x00, 0x00, 0x0B, 0x00, 0x00, 0x00, 0x09, 0x00, 0x00, 0x00, 0x00, 0x00, 0x00, 0x00, 0x00,
  0x00, 0x00, 0x00, 0x4E, 0x00, 0x00, 0x00, 0x09, 0x00, 0x00, 0x00, 0x09, 0x00, 0x00, 0x00, 0x09,
  0x00, 0x00, 0x00, 0x09, 0x00, 0x00, 0x00, 0x00, 0x00, 0x00, 0x00, 0x00, 0x00, 0x00, 0x00, 0x4F,
  0x00, 0x00, 0x00, 0x09, 0x00, 0x00, 0x00, 0x09, 0x00, 0x00, 0x00, 0x09, 0x00, 0x00, 0x00, 0x09,
  0x00, 0x00, 0x00, 0x00, 0x00, 0x00, 0x00, 0x00, 0x00, 0x00, 0x00, 0x50, 0x00, 0x00, 0x00, 0x09,
  0x00, 0x00, 0x00, 0x08, 0x00, 0x00, 0x00, 0x08, 0x00, 0x00, 0x00, 0x09, 0x00, 0x00, 0x00, 0x00,
  0x00, 0x00, 0x00, 0x00, 0x00, 0x00, 0x00, 0x51, 0x00, 0x00, 0x00, 0x0C, 0x00, 0x00, 0x00, 0x09,
  0x00, 0x00, 0x00, 0x09, 0x00, 0x00, 0x00, 0x09, 0x00, 0x00, 0x00, 0x00, 0x00, 0x00, 0x00, 0x00,
  0x00, 0x00, 0x00, 0x52, 0x00, 0x00, 0x00, 0x09, 0x00, 0x00, 0x00, 0x08, 0x00, 0x00, 0x00, 0x08,
  0x00, 0x00, 0x00, 0x09, 0x00, 0x00, 0x00, 0x00, 0x00, 0x00, 0x00, 0x00, 0x00, 0x00, 0x00, 0x53,
  0x00, 0x00, 0x00, 0x09, 0x00, 0x00, 0x00, 0x07, 0x00, 0x00, 0x00, 0x07, 0x00, 0x00, 0x00, 0x09,
  0x00, 0x00, 0x00, 0x00, 0x00, 0x00, 0x00, 0x00, 0x00, 0x00, 0x00, 0x54, 0x00, 0x00, 0x00, 0x09,
  0x00, 0x00, 0x00, 0x09, 0x00, 0x00, 0x00, 0x09, 0x00, 0x00, 0x00, 0x09, 0x00, 0x00, 0x00, 0x00,
  0x00, 0x00, 0x00, 0x00, 0x00, 0x00, 0x00, 0x55, 0x00, 0x00, 0x00, 0x09, 0x00, 0x00, 0x00, 0x09,
  0x00, 0x00, 0x00, 0x09, 0x00, 0x00, 0x00, 0x09, 0x00, 0x00, 0x00, 0x00, 0x00, 0x00, 0x00, 0x00,
  0x00, 0x00, 0x00, 0x56, 0x00, 0x00, 0x00, 0x09, 0x00, 0x00, 0x00, 0x09, 0x00, 0x00, 0x00, 0x09,
  0x00, 0x00, 0x00, 0x09, 0x00, 0x00, 0x00, 0x00, 0x00, 0x00, 0x00, 0x00, 0x00, 0x00, 0x00, 0x57,
  0x00, 0x00, 0x00, 0x09, 0x00, 0x00, 0x00, 0x0C, 0x00, 0x00, 0x00, 0x0C, 0x00, 0x00, 0x00, 0x09,
  0x00, 0x00, 0x00, 0x00, 0x00, 0x00, 0x00, 0x00, 0x00, 0x00, 0x00, 0x58, 0x00, 0x00, 0x00, 0x09,
  0x00, 0x00, 0x00, 0x09, 0x00, 0x00, 0x00, 0x09, 0x00, 0x00, 0x00, 0x09, 0x00, 0x00, 0x00, 0x00,
  0x00, 0x00, 0x00, 0x00, 0x00, 0x00, 0x00, 0x59, 0x00, 0x00, 0x00, 0x09, 0x00, 0x00, 0x00, 0x08,
  0x00, 0x00, 0x00, 0x08, 0x00, 0x00, 0x00, 0x09, 0x00, 0x00, 0x00, 0x00, 0x00, 0x00, 0x00, 0x00,
  0x00, 0x00, 0x00, 0x5A, 0x00, 0x00, 0x00, 0x09, 0x00, 0x00, 0x00, 0x09, 0x00, 0x00, 0x00, 0x09,
  0x00, 0x00, 0x00, 0x09, 0x00, 0x00, 0x00, 0x00, 0x00, 0x00, 0x00, 0x00, 0x00, 0x00, 0x00, 0x5B,
  0x00, 0x00, 0x00, 0x0C, 0x00, 0x00, 0x00, 0x04, 0x00, 0x00, 0x00, 0x04, 0x00, 0x00, 0x00, 0x09,
  0x00, 0x00, 0x00, 0x00, 0x00, 0x00, 0x00, 0x00, 0x00, 0x00, 0x00, 0x5C, 0x00, 0x00, 0x00, 0x0B,
  0x00, 0x00, 0x00, 0x07, 0x00, 0x00, 0x00, 0x05, 0x00, 0x00, 0x00, 0x0A, 0xFF, 0xFF, 0xFF, 0xFF,
  0x00, 0x00, 0x00, 0x00, 0x00, 0x00, 0x00, 0x5D, 0x00, 0x00, 0x00, 0x0C, 0x00, 0x00, 0x00, 0x05,
  0x00, 0x00, 0x00, 0x05, 0x00, 0x00, 0x00, 0x09, 0x00, 0x00, 0x00, 0x00, 0x00, 0x00, 0x00, 0x00,
  0x00, 0x00, 0x00, 0x5E, 0x00, 0x00, 0x00, 0x0A, 0x00, 0x00, 0x00, 0x09, 0x00, 0x00, 0x00, 0x09,
  0x00, 0x00, 0x00, 0x0A, 0x00, 0x00, 0x00, 0x00, 0x00, 0x00, 0x00, 0x00, 0x00, 0x00, 0x00, 0x5F,
  0x00, 0x00, 0x00, 0x05, 0x00, 0x00, 0x00, 0x05, 0x00, 0x00, 0x00, 0x05, 0x00, 0x00, 0x00, 0x00,
  0x00, 0x00, 0x00, 0x00, 0x00, 0x00, 0x00, 0x00, 0x00, 0x00, 0x00, 0x60, 0x00, 0x00, 0x00, 0x0A,
  0x00, 0x00, 0x00, 0x05, 0x00, 0x00, 0x00, 0x05, 0x00, 0x00, 0x00, 0x0A, 0x00, 0x00, 0x00, 0x00,
  0x00, 0x00, 0x00, 0x00, 0x00, 0x00, 0x00, 0x61, 0x00, 0x00, 0x00, 0x07, 0x00, 0x00, 0x00, 0x08,
  0x00, 0x00, 0x00, 0x08, 0x00, 0x00, 0x00, 0x07, 0x00, 0x00, 0x00, 0x00, 0x00, 0x00, 0x00, 0x00,
  0x00, 0x00, 0x00, 0x62, 0x00, 0x00, 0x00, 0x0A, 0x00, 0x00, 0x00, 0x08, 0x00, 0x00, 0x00, 0x08,
  0x00, 0x00, 0x00, 0x0A, 0x00, 0x00, 0x00, 0x00, 0x00, 0x00, 0x00, 0x00, 0x00, 0x00, 0x00, 0x63,
  0x00, 0x00, 0x00, 0x07, 0x00, 0x00, 0x00, 0x07, 0x00, 0x00, 0x00, 0x07, 0x00, 0x00, 0x00, 0x07,
  0x00, 0x00, 0x00, 0x00, 0x00, 0x00, 0x00, 0x00, 0x00, 0x00, 0x00, 0x64, 0x00, 0x00, 0x00, 0x0A,
  0x00, 0x00, 0x00, 0x08, 0x00, 0x00, 0x00, 0x08, 0x00, 0x00, 0x00, 0x0A, 0x00, 0x00, 0x00, 0x00,
  0x00, 0x00, 0x00, 0x00, 0x00, 0x00, 0x00, 0x65, 0x00, 0x00, 0x00, 0x07, 0x00, 0x00, 0x00, 0x07,
  0x00, 0x00, 0x00, 0x07, 0x00, 0x00, 0x00, 0x07, 0x00, 0x00, 0x00, 0x00, 0x00, 0x00, 0x00, 0x00,
  0x00, 0x00, 0x00, 0x66, 0x00, 0x00, 0x00, 0x0A, 0x00, 0x00, 0x00, 0x06, 0x00, 0x00, 0x00, 0x06,
  0x00, 0x00, 0x00, 0x0A, 0x00, 0x00, 0x00, 0x00, 0x00, 0x00, 0x00, 0x00, 0x00, 0x00, 0x00, 0x67,
  0x00, 0x00, 0x00, 0x0A, 0x00, 0x00, 0x00, 0x08, 0x00, 0x00, 0x00, 0x08, 0x00, 0x00, 0x00, 0x07,
  0x00, 0x00, 0x00, 0x00, 0x00, 0x00, 0x00, 0x00, 0x00, 0x00, 0x00, 0x68, 0x00, 0x00, 0x00, 0x0A,
  0x00, 0x00, 0x00, 0x08, 0x00, 0x00, 0x00, 0x08, 0x00, 0x00, 0x00, 0x0A, 0x00, 0x00, 0x00, 0x00,
  0x00, 0x00, 0x00, 0x00, 0x00, 0x00, 0x00, 0x69, 0x00, 0x00, 0x00, 0x09, 0x00, 0x00, 0x00, 0x03,
  0x00, 0x00, 0x00, 0x03, 0x00, 0x00, 0x00, 0x09, 0x00, 0x00, 0x00, 0x00, 0x00, 0x00, 0x00, 0x00,
  0x00, 0x00, 0x00, 0x6A, 0x00, 0x00, 0x00, 0x0C, 0x00, 0x00, 0x00, 0x04, 0x00, 0x00, 0x00, 0x03,
  0x00, 0x00, 0x00, 0x09, 0xFF, 0xFF, 0xFF, 0xFF, 0x00, 0x00, 0x00, 0x00, 0x00, 0x00, 0x00, 0x6B,
  0x00, 0x00, 0x00, 0x0A, 0x00, 0x00, 0x00, 0x07, 0x00, 0x00, 0x00, 0x07, 0x00, 0x00, 0x00, 0x0A,
  0x00, 0x00, 0x00, 0x00, 0x00, 0x00, 0x00, 0x00, 0x00, 0x00, 0x00, 0x6C, 0x00, 0x00, 0x00, 0x0A,
  0x00, 0x00, 0x00, 0x04, 0x00, 0x00, 0x00, 0x04, 0x00, 0x00, 0x00, 0x0A, 0x00, 0x00, 0x00, 0x00,
  0x00, 0x00, 0x00, 0x00, 0x00, 0x00, 0x00, 0x6D, 0x00, 0x00, 0x00, 0x07, 0x00, 0x00, 0x00, 0x0C,
  0x00, 0x00, 0x00, 0x0C, 0x00, 0x00, 0x00, 0x07, 0x00, 0x00, 0x00, 0x00, 0x00, 0x00, 0x00, 0x00,
  0x00, 0x00, 0x00, 0x6E, 0x00, 0x00, 0x00, 0x07, 0x00, 0x00, 0x00, 0x08, 0x00, 0x00, 0x00, 0x08,
  0x00, 0x00, 0x00, 0x07, 0x00, 0x00, 0x00, 0x00, 0x00, 0x00, 0x00, 0x00, 0x00, 0x00, 0x00, 0x6F,
  0x00, 0x00, 0x00, 0x07, 0x00, 0x00, 0x00, 0x08, 0x00, 0x00, 0x00, 0x08, 0x00, 0x00, 0x00, 0x07,
  0x00, 0x00, 0x00, 0x00, 0x00, 0x00, 0x00, 0x00, 0x00, 0x00, 0x00, 0x70, 0x00, 0x00, 0x00, 0x0A,
  0x00, 0x00, 0x00, 0x08, 0x00, 0x00, 0x00, 0x08, 0x00, 0x00, 0x00, 0x07, 0x00, 0x00, 0x00, 0x00,
  0x00, 0x00, 0x00, 0x00, 0x00, 0x00, 0x00, 0x71, 0x00, 0x00, 0x00, 0x0A, 0x00, 0x00, 0x00, 0x08,
  0x00, 0x00, 0x00, 0x08, 0x00, 0x00, 0x00, 0x07, 0x00, 0x00, 0x00, 0x00, 0x00, 0x00, 0x00, 0x00,
  0x00, 0x00, 0x00, 0x72, 0x00, 0x00, 0x00, 0x08, 0x00, 0x00, 0x00, 0x05, 0x00, 0x00, 0x00, 0x05,
  0x00, 0x00, 0x00, 0x08, 0x00, 0x00, 0x00, 0x00, 0x00, 0x00, 0x00, 0x00, 0x00, 0x00, 0x00, 0x73,
  0x00, 0x00, 0x00, 0x07, 0x00, 0x00, 0x00, 0x06, 0x00, 0x00, 0x00, 0x06, 0x00, 0x00, 0x00, 0x07,
  0x00, 0x00, 0x00, 0x00, 0x00, 0x00, 0x00, 0x00, 0x00, 0x00, 0x00, 0x74, 0x00, 0x00, 0x00, 0x09,
  0x00, 0x00, 0x00, 0x06, 0x00, 0x00, 0x00, 0x06, 0x00, 0x00, 0x00, 0x09, 0x00, 0x00, 0x00, 0x00,
  0x00, 0x00, 0x00, 0x00, 0x00, 0x00, 0x00, 0x75, 0x00, 0x00, 0x00, 0x07, 0x00, 0x00, 0x00, 0x08,
  0x00, 0x00, 0x00, 0x08, 0x00, 0x00, 0x00, 0x07, 0x00, 0x00, 0x00, 0x00, 0x00, 0x00, 0x00, 0x00,
  0x00, 0x00, 0x00, 0x76, 0x00, 0x00, 0x00, 0x07, 0x00, 0x00, 0x00, 0x07, 0x00, 0x00, 0x00, 0x07,
  0x00, 0x00, 0x00, 0x07, 0x00, 0x00, 0x00, 0x00, 0x00, 0x00, 0x00, 0x00, 0x00, 0x00, 0x00, 0x77,
  0x00, 0x00, 0x00, 0x07, 0x00, 0x00, 0x00, 0x09, 0x00, 0x00, 0x00, 0x09, 0x00, 0x00, 0x00, 0x07,
  0x00, 0x00, 0x00, 0x00, 0x00, 0x00, 0x00, 0x00, 0x00, 0x00, 0x00, 0x78, 0x00, 0x00, 0x00, 0x07,
  0x00, 0x00, 0x00, 0x07, 0x00, 0x00, 0x00, 0x06, 0x00, 0x00, 0x00, 0x07, 0x00, 0x00, 0x00, 0x00,
  0x00, 0x00, 0x00, 0x00, 0x00, 0x00, 0x00, 0x79, 0x00, 0x00, 0x00, 0x0A, 0x00, 0x00, 0x00, 0x07,
  0x00, 0x00, 0x00, 0x06, 0x00, 0x00, 0x00, 0x07, 0x00, 0x00, 0x00, 0x00, 0x00, 0x00, 0x00, 0x00,
  0x00, 0x00, 0x00, 0x7A, 0x00, 0x00, 0x00, 0x07, 0x00, 0x00, 0x00, 0x07, 0x00, 0x00, 0x00, 0x07,
  0x00, 0x00, 0x00, 0x07, 0x00, 0x00, 0x00, 0x00, 0x00, 0x00, 0x00, 0x00, 0x00, 0x00, 0x00, 0x7B,
  0x00, 0x00, 0x00, 0x0C, 0x00, 0x00, 0x00, 0x05, 0x00, 0x00, 0x00, 0x05, 0x00, 0x00, 0x00, 0x09,
  0x00, 0x00, 0x00, 0x00, 0x00, 0x00, 0x00, 0x00, 0x00, 0x00, 0x00, 0x7C, 0x00, 0x00, 0x00, 0x0C,
  0x00, 0x00, 0x00, 0x03, 0x00, 0x00, 0x00, 0x03, 0x00, 0x00, 0x00, 0x09, 0x00, 0x00, 0x00, 0x00,
  0x00, 0x00, 0x00, 0x00, 0x00, 0x00, 0x00, 0x7D, 0x00, 0x00, 0x00, 0x0C, 0x00, 0x00, 0x00, 0x05,
  0x00, 0x00, 0x00, 0x05, 0x00, 0x00, 0x00, 0x09, 0x00, 0x00, 0x00, 0x00, 0x00, 0x00, 0x00, 0x00,
  0x00, 0x00, 0x00, 0x7E, 0x00, 0x00, 0x00, 0x05, 0x00, 0x00, 0x00, 0x09, 0x00, 0x00, 0x00, 0x09,
  0x00, 0x00, 0x00, 0x05, 0x00, 0x00, 0x00, 0x00, 0x00, 0x00, 0x00, 0x00, 0x00, 0x00, 0x0E, 0x01,
  0x00, 0x00, 0x00, 0x09, 0x00, 0x00, 0x00, 0x08, 0x00, 0x00, 0x00, 0x08, 0x00, 0x00, 0x00, 0x09,
  0x00, 0x00, 0x00, 0x00, 0x00, 0x00, 0x00, 0x00, 0x00, 0x00, 0x0E, 0x02, 0x00, 0x00, 0x00, 0x09,
  0x00, 0x00, 0x00, 0x09, 0x00, 0x00, 0x00, 0x09, 0x00, 0x00, 0x00, 0x09, 0x00, 0x00, 0x00, 0x00,
  0x00, 0x00, 0x00, 0x00, 0x00, 0x00, 0x0E, 0x03, 0x00, 0x00, 0x00, 0x09, 0x00, 0x00, 0x00, 0x09,
  0x00, 0x00, 0x00, 0x09, 0x00, 0x00, 0x00, 0x09, 0x00, 0x00, 0x00, 0x00, 0x00, 0x00, 0x00, 0x00,
  0x00, 0x00, 0x0E, 0x04, 0x00, 0x00, 0x00, 0x09, 0x00, 0x00, 0x00, 0x09, 0x00, 0x00, 0x00, 0x09,
  0x00, 0x00, 0x00, 0x09, 0x00, 0x00, 0x00, 0x00, 0x00, 0x00, 0x00, 0x00, 0x00, 0x00, 0x0E, 0x05,
  0x00, 0x00, 0x00, 0x09, 0x00, 0x00, 0x00, 0x09, 0x00, 0x00, 0x00, 0x09, 0x00, 0x00, 0x00, 0x09,
  0x00, 0x00, 0x00, 0x00, 0x00, 0x00, 0x00, 0x00, 0x00, 0x00, 0x0E, 0x06, 0x00, 0x00, 0x00, 0x09,
  0x00, 0x00, 0x00, 0x09, 0x00, 0x00, 0x00, 0x09, 0x00, 0x00, 0x00, 0x09, 0x00, 0x00, 0x00, 0x00,
  0x00, 0x00, 0x00, 0x00, 0x00, 0x00, 0x0E, 0x07, 0x00, 0x00, 0x00, 0x09, 0x00, 0x00, 0x00, 0x06,
  0x00, 0x00, 0x00, 0x06, 0x00, 0x00, 0x00, 0x09, 0x00, 0x00, 0x00, 0x00, 0x00, 0x00, 0x00, 0x00,
  0x00, 0x00, 0x0E, 0x08, 0x00, 0x00, 0x00, 0x09, 0x00, 0x00, 0x00, 0x08, 0x00, 0x00, 0x00, 0x08,
  0x00, 0x00, 0x00, 0x09, 0x00, 0x00, 0x00, 0x00, 0x00, 0x00, 0x00, 0x00, 0x00, 0x00, 0x0E, 0x09,
  0x00, 0x00, 0x00, 0x09, 0x00, 0x00, 0x00, 0x09, 0x00, 0x00, 0x00, 0x09, 0x00, 0x00, 0x00, 0x09,
  0x00, 0x00, 0x00, 0x00, 0x00, 0x00, 0x00, 0x00, 0x00, 0x00, 0x0E, 0x0A, 0x00, 0x00, 0x00, 0x09,
  0x00, 0x00, 0x00, 0x09, 0x00, 0x00, 0x00, 0x09, 0x00, 0x00, 0x00, 0x09, 0x00, 0x00, 0x00, 0x00,
  0x00, 0x00, 0x00, 0x00, 0x00, 0x00, 0x0E, 0x0B, 0x00, 0x00, 0x00, 0x09, 0x00, 0x00, 0x00, 0x09,
  0x00, 0x00, 0x00, 0x09, 0x00, 0x00, 0x00, 0x09, 0x00, 0x00, 0x00, 0x00, 0x00, 0x00, 0x00, 0x00,
  0x00, 0x00, 0x0E, 0x0C, 0x00, 0x00, 0x00, 0x09, 0x00, 0x00, 0x00, 0x0B, 0x00, 0x00, 0x00, 0x0B,
  0x00, 0x00, 0x00, 0x09, 0x00, 0x00, 0x00, 0x00, 0x00, 0x00, 0x00, 0x00, 0x00, 0x00, 0x0E, 0x0D,
  0x00, 0x00, 0x00, 0x0C, 0x00, 0x00, 0x00, 0x0B, 0x00, 0x00, 0x00, 0x0B, 0x00, 0x00, 0x00, 0x09,
  0x00, 0x00, 0x00, 0x00, 0x00, 0x00, 0x00, 0x00, 0x00, 0x00, 0x0E, 0x0E, 0x00, 0x00, 0x00, 0x0E,
  0x00, 0x00, 0x00, 0x09, 0x00, 0x00, 0x00, 0x09, 0x00, 0x00, 0x00, 0x09, 0x00, 0x00, 0x00, 0x00,
  0x00, 0x00, 0x00, 0x00, 0x00, 0x00, 0x0E, 0x0F, 0x00, 0x00, 0x00, 0x0E, 0x00, 0x00, 0x00, 0x09,
  0x00, 0x00, 0x00, 0x09, 0x00, 0x00, 0x00, 0x09, 0x00, 0x00, 0x00, 0x00, 0x00, 0x00, 0x00, 0x00,
  0x00, 0x00, 0x0E, 0x10, 0x00, 0x00, 0x00, 0x0F, 0x00, 0x00, 0x00, 0x08, 0x00, 0x00, 0x00, 0x08,
  0x00, 0x00, 0x00, 0x09, 0x00, 0x00, 0x00, 0x00, 0x00, 0x00, 0x00, 0x00, 0x00, 0x00, 0x0E, 0x11,
  0x00, 0x00, 0x00, 0x09, 0x00, 0x00, 0x00, 0x0A, 0x00, 0x00, 0x00, 0x0A, 0x00, 0x00, 0x00, 0x09,
  0x00, 0x00, 0x00, 0x00, 0x00, 0x00, 0x00, 0x00, 0x00, 0x00, 0x0E, 0x12, 0x00, 0x00, 0x00, 0x09,
  0x00, 0x00, 0x00, 0x0C, 0x00, 0x00, 0x00, 0x0C, 0x00, 0x00, 0x00, 0x09, 0x00, 0x00, 0x00, 0x00,
  0x00, 0x00, 0x00, 0x00, 0x00, 0x00, 0x0E, 0x13, 0x00, 0x00, 0x00, 0x09, 0x00, 0x00, 0x00, 0x0C,
  0x00, 0x00, 0x00, 0x0C, 0x00, 0x00, 0x00, 0x09, 0x00, 0x00, 0x00, 0x00, 0x00, 0x00, 0x00, 0x00,
  0x00, 0x00, 0x0E, 0x14, 0x00, 0x00, 0x00, 0x09, 0x00, 0x00, 0x00, 0x09, 0x00, 0x00, 0x00, 0x09,
  0x00, 0x00, 0x00, 0x09, 0x00, 0x00, 0x00, 0x00, 0x00, 0x00, 0x00, 0x00, 0x00, 0x00, 0x0E, 0x15,
  0x00, 0x00, 0x00, 0x09, 0x00, 0x00, 0x00, 0x09, 0x00, 0x00, 0x00, 0x09, 0x00, 0x00, 0x00, 0x09,
  0x00, 0x00, 0x00, 0x00, 0x00, 0x00, 0x00, 0x00, 0x00, 0x00, 0x0E, 0x16, 0x00, 0x00, 0x00, 0x09,
  0x00, 0x00, 0x00, 0x08, 0x00, 0x00, 0x00, 0x08, 0x00, 0x00, 0x00, 0x09, 0x00, 0x00, 0x00, 0x00,
  0x00, 0x00, 0x00, 0x00, 0x00, 0x00, 0x0E, 0x17, 0x00, 0x00, 0x00, 0x09, 0x00, 0x00, 0x00, 0x09,
  0x00, 0x00, 0x00, 0x09, 0x00, 0x00, 0x00, 0x09, 0x00, 0x00, 0x00, 0x00, 0x00, 0x00, 0x00, 0x00,
  0x00, 0x00, 0x0E, 0x18, 0x00, 0x00, 0x00, 0x09, 0x00, 0x00, 0x00, 0x07, 0x00, 0x00, 0x00, 0x07,
  0x00, 0x00, 0x00, 0x09, 0x00, 0x00, 0x00, 0x00, 0x00, 0x00, 0x00, 0x00, 0x00, 0x00, 0x0E, 0x19,
  0x00, 0x00, 0x00, 0x09, 0x00, 0x00, 0x00, 0x09, 0x00, 0x00, 0x00, 0x09, 0x00, 0x00, 0x00, 0x09,
  0x00, 0x00, 0x00, 0x00, 0x00, 0x00, 0x00, 0x00, 0x00, 0x00, 0x0E, 0x1A, 0x00, 0x00, 0x00, 0x09,
  0x00, 0x00, 0x00, 0x09, 0x00, 0x00, 0x00, 0x09, 0x00, 0x00, 0x00, 0x09, 0x00, 0x00, 0x00, 0x00,
  0x00, 0x00, 0x00, 0x00, 0x00, 0x00, 0x0E, 0x1B, 0x00, 0x00, 0x00, 0x0C, 0x00, 0x00, 0x00, 0x09,
  0x00, 0x00, 0x00, 0x09, 0x00, 0x00, 0x00, 0x0C, 0x00, 0x00, 0x00, 0x00, 0x00, 0x00, 0x00, 0x00,
  0x00, 0x00, 0x0E, 0x1C, 0x00, 0x00, 0x00, 0x09, 0x00, 0x00, 0x00, 0x09, 0x00, 0x00, 0x00, 0x09,
  0x00, 0x00, 0x00, 0x09, 0x00, 0x00, 0x00, 0x00, 0x00, 0x00, 0x00, 0x00, 0x00, 0x00, 0x0E, 0x1D,
  0x00, 0x00, 0x00, 0x0C, 0x00, 0x00, 0x00, 0x09, 0x00, 0x00, 0x00, 0x09, 0x00, 0x00, 0x00, 0x0C,
  0x00, 0x00, 0x00, 0x00, 0x00, 0x00, 0x00, 0x00, 0x00, 0x00, 0x0E, 0x1E, 0x00, 0x00, 0x00, 0x09,
  0x00, 0x00, 0x00, 0x0A, 0x00, 0x00, 0x00, 0x0A, 0x00, 0x00, 0x00, 0x09, 0x00, 0x00, 0x00, 0x00,
  0x00, 0x00, 0x00, 0x00, 0x00, 0x00, 0x0E, 0x1F, 0x00, 0x00, 0x00, 0x0C, 0x00, 0x00, 0x00, 0x0A,
  0x00, 0x00, 0x00, 0x0A, 0x00, 0x00, 0x00, 0x0C, 0x00, 0x00, 0x00, 0x00, 0x00, 0x00, 0x00, 0x00,
  0x00, 0x00, 0x0E, 0x20, 0x00, 0x00, 0x00, 0x09, 0x00, 0x00, 0x00, 0x09, 0x00, 0x00, 0x00, 0x09,
  0x00, 0x00, 0x00, 0x09, 0x00, 0x00, 0x00, 0x00, 0x00, 0x00, 0x00, 0x00, 0x00, 0x00, 0x0E, 0x21,
  0x00, 0x00, 0x00, 0x09, 0x00, 0x00, 0x00, 0x09, 0x00, 0x00, 0x00, 0x09, 0x00, 0x00, 0x00, 0x09,
  0x00, 0x00, 0x00, 0x00, 0x00, 0x00, 0x00, 0x00, 0x00, 0x00, 0x0E, 0x22, 0x00, 0x00, 0x00, 0x09,
  0x00, 0x00, 0x00, 0x08, 0x00, 0x00, 0x00, 0x08, 0x00, 0x00, 0x00, 0x09, 0x00, 0x00, 0x00, 0x00,
  0x00, 0x00, 0x00, 0x00, 0x00, 0x00, 0x0E, 0x23, 0x00, 0x00, 0x00, 0x09, 0x00, 0x00, 0x00, 0x07,
  0x00, 0x00, 0x00, 0x07, 0x00, 0x00, 0x00, 0x09, 0x00, 0x00, 0x00, 0x00, 0x00, 0x00, 0x00, 0x00,
  0x00, 0x00, 0x0E, 0x24, 0x00, 0x00, 0x00, 0x0C, 0x00, 0x00, 0x00, 0x08, 0x00, 0x00, 0x00, 0x08,
  0x00, 0x00, 0x00, 0x09, 0x00, 0x00, 0x00, 0x00, 0x00, 0x00, 0x00, 0x00, 0x00, 0x00, 0x0E, 0x25,
  0x00, 0x00, 0x00, 0x09, 0x00, 0x00, 0x00, 0x08, 0x00, 0x00, 0x00, 0x08, 0x00, 0x00, 0x00, 0x09,
  0x00, 0x00, 0x00, 0x00, 0x00, 0x00, 0x00, 0x00, 0x00, 0x00, 0x0E, 0x26, 0x00, 0x00, 0x00, 0x0C,
  0x00, 0x00, 0x00, 0x09, 0x00, 0x00, 0x00, 0x09, 0x00, 0x00, 0x00, 0x09, 0x00, 0x00, 0x00, 0x00,
  0x00, 0x00, 0x00, 0x00, 0x00, 0x00, 0x0E, 0x27, 0x00, 0x00, 0x00, 0x09, 0x00, 0x00, 0x00, 0x07,
  0x00, 0x00, 0x00, 0x07, 0x00, 0x00, 0x00, 0x09, 0x00, 0x00, 0x00, 0x00, 0x00, 0x00, 0x00, 0x00,
  0x00, 0x00, 0x0E, 0x28, 0x00, 0x00, 0x00, 0x09, 0x00, 0x00, 0x00, 0x09, 0x00, 0x00, 0x00, 0x09,
  0x00, 0x00, 0x00, 0x09, 0x00, 0x00, 0x00, 0x00, 0x00, 0x00, 0x00, 0x00, 0x00, 0x00, 0x0E, 0x29,
  0x00, 0x00, 0x00, 0x09, 0x00, 0x00, 0x00, 0x0A, 0x00, 0x00, 0x00, 0x0A, 0x00, 0x00, 0x00, 0x09,
  0x00, 0x00, 0x00, 0x00, 0x00, 0x00, 0x00, 0x00, 0x00, 0x00, 0x0E, 0x2A, 0x00, 0x00, 0x00, 0x09,
  0x00, 0x00, 0x00, 0x08, 0x00, 0x00, 0x00, 0x08, 0x00, 0x00, 0x00, 0x09, 0x00, 0x00, 0x00, 0x00,
  0x00, 0x00, 0x00, 0x00, 0x00, 0x00, 0x0E, 0x2B, 0x00, 0x00, 0x00, 0x09, 0x00, 0x00, 0x00, 0x0A,
  0x00, 0x00, 0x00, 0x0A, 0x00, 0x00, 0x00, 0x09, 0x00, 0x00, 0x00, 0x00, 0x00, 0x00, 0x00, 0x00,
  0x00, 0x00, 0x0E, 0x2C, 0x00, 0x00, 0x00, 0x09, 0x00, 0x00, 0x00, 0x0A, 0x00, 0x00, 0x00, 0x0A,
  0x00, 0x00, 0x00, 0x09, 0x00, 0x00, 0x00, 0x00, 0x00, 0x00, 0x00, 0x00, 0x00, 0x00, 0x0E, 0x2D,
  0x00, 0x00, 0x00, 0x09, 0x00, 0x00, 0x00, 0x09, 0x00, 0x00, 0x00, 0x09, 0x00, 0x00, 0x00, 0x09,
  0x00, 0x00, 0x00, 0x00, 0x00, 0x00, 0x00, 0x00, 0x00, 0x00, 0x0E, 0x2E, 0x00, 0x00, 0x00, 0x09,
  0x00, 0x00, 0x00, 0x08, 0x00, 0x00, 0x00, 0x08, 0x00, 0x00, 0x00, 0x09, 0x00, 0x00, 0x00, 0x00,
  0x00, 0x00, 0x00, 0x00, 0x00, 0x00, 0x0E, 0x2F, 0x00, 0x00, 0x00, 0x09, 0x00, 0x00, 0x00, 0x08,
  0x00, 0x00, 0x00, 0x08, 0x00, 0x00, 0x00, 0x09, 0x00, 0x00, 0x00, 0x00, 0x00, 0x00, 0x00, 0x00,
  0x00, 0x00, 0x0E, 0x30, 0x00, 0x00, 0x00, 0x09, 0x00, 0x00, 0x00, 0x08, 0x00, 0x00, 0x00, 0x08,
  0x00, 0x00, 0x00, 0x09, 0x00, 0x00, 0x00, 0x00, 0x00, 0x00, 0x00, 0x00, 0x00, 0x00, 0x0E, 0x31,
  0x00, 0x00, 0x00, 0x0E, 0x00, 0x00, 0x00, 0x06, 0x00, 0x00, 0x00, 0x00, 0x00, 0x00, 0x00, 0x0E,
  0xFF, 0xFF, 0xFF, 0xFB, 0x00, 0x00, 0x00, 0x00, 0x00, 0x00, 0x0E, 0x32, 0x00, 0x00, 0x00, 0x09,
  0x00, 0x00, 0x00, 0x07, 0x00, 0x00, 0x00, 0x07, 0x00, 0x00, 0x00, 0x09, 0x00, 0x00, 0x00, 0x00,
  0x00, 0x00, 0x00, 0x00, 0x00, 0x00, 0x0E, 0x33, 0x00, 0x00, 0x00, 0x0E, 0x00, 0x00, 0x00, 0x0A,
  0x00, 0x00, 0x00, 0x07, 0x00, 0x00, 0x00, 0x0E, 0xFF, 0xFF, 0xFF, 0xFD, 0x00, 0x00, 0x00, 0x00,
  0x00, 0x00, 0x0E, 0x34, 0x00, 0x00, 0x00, 0x0E, 0x00, 0x00, 0x00, 0x07, 0x00, 0x00, 0x00, 0x00,
  0x00, 0x00, 0x00, 0x0E, 0xFF, 0xFF, 0xFF, 0xF9, 0x00, 0x00, 0x00, 0x00, 0x00, 0x00, 0x0E, 0x35,
  0x00, 0x00, 0x00, 0x0F, 0x00, 0x00, 0x00, 0x08, 0x00, 0x00, 0x00, 0x00, 0x00, 0x00, 0x00, 0x0F,
  0xFF, 0xFF, 0xFF, 0xF8, 0x00, 0x00, 0x00, 0x00, 0x00, 0x00, 0x0E, 0x36, 0x00, 0x00, 0x00, 0x0F,
  0x00, 0x00, 0x00, 0x07, 0x00, 0x00, 0x00, 0x00, 0x00, 0x00, 0x00, 0x0F, 0xFF, 0xFF, 0xFF, 0xF9,
  0x00, 0x00, 0x00, 0x00, 0x00, 0x00, 0x0E, 0x37, 0x00, 0x00, 0x00, 0x0E, 0x00, 0x00, 0x00, 0x08,
  0x00, 0x00, 0x00, 0x00, 0x00, 0x00, 0x00, 0x0E, 0xFF, 0xFF, 0xFF, 0xF8, 0x00, 0x00, 0x00, 0x00,
  0x00, 0x00, 0x0E, 0x38, 0x00, 0x00, 0x00, 0x05, 0x00, 0x00, 0x00, 0x04, 0x00, 0x00, 0x00, 0x00,
  0x00, 0x00, 0x00, 0x00, 0xFF, 0xFF, 0xFF, 0xFC, 0x00, 0x00, 0x00, 0x00, 0x00, 0x00, 0x0E, 0x39,
  0x00, 0x00, 0x00, 0x05, 0x00, 0x00, 0x00, 0x05, 0x00, 0x00, 0x00, 0x00, 0x00, 0x00, 0x00, 0x00,
  0xFF, 0xFF, 0xFF, 0xFB, 0x00, 0x00, 0x00, 0x00, 0x00, 0x00, 0x0E, 0x3A, 0x00, 0x00, 0x00, 0x02,
  0x00, 0x00, 0x00, 0x02, 0x00, 0x00, 0x00, 0x00, 0x00, 0x00, 0x00, 0x00, 0xFF, 0xFF, 0xFF, 0xFE,
  0x00, 0x00, 0x00, 0x00, 0x00, 0x00, 0x0E, 0x3F, 0x00, 0x00, 0x00, 0x0D, 0x00, 0x00, 0x00, 0x08,
  0x00, 0x00, 0x00, 0x08, 0x00, 0x00, 0x00, 0x0C, 0x00, 0x00, 0x00, 0x00, 0x00, 0x00, 0x00, 0x00,
  0x00, 0x00, 0x0E, 0x40, 0x00, 0x00, 0x00, 0x09, 0x00, 0x00, 0x00, 0x05, 0x00, 0x00, 0x00, 0x05,
  0x00, 0x00, 0x00, 0x09, 0x00, 0x00, 0x00, 0x00, 0x00, 0x00, 0x00, 0x00, 0x00, 0x00, 0x0E, 0x41,
  0x00, 0x00, 0x00, 0x09, 0x00, 0x00, 0x00, 0x09, 0x00, 0x00, 0x00, 0x09, 0x00, 0x00, 0x00, 0x09,
  0x00, 0x00, 0x00, 0x00, 0x00, 0x00, 0x00, 0x00, 0x00, 0x00, 0x0E, 0x42, 0x00, 0x00, 0x00, 0x0F,
  0x00, 0x00, 0x00, 0x07, 0x00, 0x00, 0x00, 0x06, 0x00, 0x00, 0x00, 0x0F, 0xFF, 0xFF, 0xFF, 0xFF,
  0x00, 0x00, 0x00, 0x00, 0x00, 0x00, 0x0E, 0x43, 0x00, 0x00, 0x00, 0x0F, 0x00, 0x00, 0x00, 0x07,
  0x00, 0x00, 0x00, 0x06, 0x00, 0x00, 0x00, 0x0F, 0xFF, 0xFF, 0xFF, 0xFF, 0x00, 0x00, 0x00, 0x00,
  0x00, 0x00, 0x0E, 0x44, 0x00, 0x00, 0x00, 0x0F, 0x00, 0x00, 0x00, 0x07, 0x00, 0x00, 0x00, 0x06,
  0x00, 0x00, 0x00, 0x0F, 0xFF, 0xFF, 0xFF, 0xFF, 0x00, 0x00, 0x00, 0x00, 0x00, 0x00, 0x0E, 0x45,
  0x00, 0x00, 0x00, 0x0C, 0x00, 0x00, 0x00, 0x06, 0x00, 0x00, 0x00, 0x04, 0x00, 0x00, 0x00, 0x09,
  0xFF, 0xFF, 0xFF, 0xFE, 0x00, 0x00, 0x00, 0x00, 0x00, 0x00, 0x0E, 0x46, 0x00, 0x00, 0x00, 0x0D,
  0x00, 0x00, 0x00, 0x09, 0x00, 0x00, 0x00, 0x09, 0x00, 0x00, 0x00, 0x09, 0x00, 0x00, 0x00, 0x00,
  0x00, 0x00, 0x00, 0x00, 0x00, 0x00, 0x0E, 0x47, 0x00, 0x00, 0x00, 0x10, 0x00, 0x00, 0x00, 0x06,
  0x00, 0x00, 0x00, 0x00, 0x00, 0x00, 0x00, 0x10, 0xFF, 0xFF, 0xFF, 0xFA, 0x00, 0x00, 0x00, 0x00,
  0x00, 0x00, 0x0E, 0x48, 0x00, 0x00, 0x00, 0x0D, 0x00, 0x00, 0x00, 0x02, 0x00, 0x00, 0x00, 0x00,
  0x00, 0x00, 0x00, 0x10, 0xFF, 0xFF, 0xFF, 0xFE, 0x00, 0x00, 0x00, 0x00, 0x00, 0x00, 0x0E, 0x49,
  0x00, 0x00, 0x00, 0x0F, 0x00, 0x00, 0x00, 0x05, 0x00, 0x00, 0x00, 0x00, 0x00, 0x00, 0x00, 0x11,
  0xFF, 0xFF, 0xFF, 0xFB, 0x00, 0x00, 0x00, 0x00, 0x00, 0x00, 0x0E, 0x4A, 0x00, 0x00, 0x00, 0x0E,
  0x00, 0x00, 0x00, 0x07, 0x00, 0x00, 0x00, 0x00, 0x00, 0x00, 0x00, 0x10, 0xFF, 0xFF, 0xFF, 0xFA,
  0x00, 0x00, 0x00, 0x00, 0x00, 0x00, 0x0E, 0x4B, 0x00, 0x00, 0x00, 0x0D, 0x00, 0x00, 0x00, 0x04,
  0x00, 0x00, 0x00, 0x00, 0x00, 0x00, 0x00, 0x10, 0xFF, 0xFF, 0xFF, 0xFD, 0x00, 0x00, 0x00, 0x00,
  0x00, 0x00, 0x0E, 0x4C, 0x00, 0x00, 0x00, 0x0F, 0x00, 0x00, 0x00, 0x05, 0x00, 0x00, 0x00, 0x00,
  0x00, 0x00, 0x00, 0x11, 0xFF, 0xFF, 0xFF, 0xFC, 0x00, 0x00, 0x00, 0x00, 0x00, 0x00, 0x0E, 0x4D,
  0x00, 0x00, 0x00, 0x0E, 0x00, 0x00, 0x00, 0x04, 0x00, 0x00, 0x00, 0x00, 0x00, 0x00, 0x00, 0x10,
  0xFF, 0xFF, 0xFF, 0xFD, 0x00, 0x00, 0x00, 0x00, 0x00, 0x00, 0x0E, 0x4E, 0x00, 0x00, 0x00, 0x10,
  0x00, 0x00, 0x00, 0x04, 0x00, 0x00, 0x00, 0x00, 0x00, 0x00, 0x00, 0x12, 0xFF, 0xFF, 0xFF, 0xFC,
  0x00, 0x00, 0x00, 0x00, 0x00, 0x00, 0x0E, 0x4F, 0x00, 0x00, 0x00, 0x09, 0x00, 0x00, 0x00, 0x09,
  0x00, 0x00, 0x00, 0x09, 0x00, 0x00, 0x00, 0x09, 0x00, 0x00, 0x00, 0x00, 0x00, 0x00, 0x00, 0x00,
  0x00, 0x00, 0x0E, 0x50, 0x00, 0x00, 0x00, 0x07, 0x00, 0x00, 0x00, 0x09, 0x00, 0x00, 0x00, 0x09,
  0x00, 0x00, 0x00, 0x07, 0x00, 0x00, 0x00, 0x00, 0x00, 0x00, 0x00, 0x00, 0x00, 0x00, 0x0E, 0x51,
  0x00, 0x00, 0x00, 0x08, 0x00, 0x00, 0x00, 0x09, 0x00, 0x00, 0x00, 0x09, 0x00, 0x00, 0x00, 0x08,
  0x00, 0x00, 0x00, 0x00, 0x00, 0x00, 0x00, 0x00, 0x00, 0x00, 0x0E, 0x52, 0x00, 0x00, 0x00, 0x09,
  0x00, 0x00, 0x00, 0x09, 0x00, 0x00, 0x00, 0x09, 0x00, 0x00, 0x00, 0x09, 0x00, 0x00, 0x00, 0x00,
  0x00, 0x00, 0x00, 0x00, 0x00, 0x00, 0x0E, 0x53, 0x00, 0x00, 0x00, 0x07, 0x00, 0x00, 0x00, 0x0A,
  0x00, 0x00, 0x00, 0x0A, 0x00, 0x00, 0x00, 0x07, 0x00, 0x00, 0x00, 0x00, 0x00, 0x00, 0x00, 0x00,
  0x00, 0x00, 0x0E, 0x54, 0x00, 0x00, 0x00, 0x0A, 0x00, 0x00, 0x00, 0x0A, 0x00, 0x00, 0x00, 0x0A,
  0x00, 0x00, 0x00, 0x09, 0x00, 0x00, 0x00, 0x00, 0x00, 0x00, 0x00, 0x00, 0x00, 0x00, 0x0E, 0x55,
  0x00, 0x00, 0x00, 0x0A, 0x00, 0x00, 0x00, 0x0A, 0x00, 0x00, 0x00, 0x0A, 0x00, 0x00, 0x00, 0x09,
  0x00, 0x00, 0x00, 0x00, 0x00, 0x00, 0x00, 0x00, 0x00, 0x00, 0x0E, 0x56, 0x00, 0x00, 0x00, 0x09,
  0x00, 0x00, 0x00, 0x09, 0x00, 0x00, 0x00, 0x09, 0x00, 0x00, 0x00, 0x09, 0x00, 0x00, 0x00, 0x00,
  0x00, 0x00, 0x00, 0x00, 0x00, 0x00, 0x0E, 0x57, 0x00, 0x00, 0x00, 0x09, 0x00, 0x00, 0x00, 0x0A,
  0x00, 0x00, 0x00, 0x0A, 0x00, 0x00, 0x00, 0x09, 0x00, 0x00, 0x00, 0x00, 0x00, 0x00, 0x00, 0x00,
  0x00, 0x00, 0x0E, 0x58, 0x00, 0x00, 0x00, 0x09, 0x00, 0x00, 0x00, 0x09, 0x00, 0x00, 0x00, 0x09,
  0x00, 0x00, 0x00, 0x09, 0x00, 0x00, 0x00, 0x00, 0x00, 0x00, 0x00, 0x00, 0x00, 0x00, 0x0E, 0x59,
  0x00, 0x00, 0x00, 0x09, 0x00, 0x00, 0x00, 0x0A, 0x00, 0x00, 0x00, 0x0A, 0x00, 0x00, 0x00, 0x09,
  0x00, 0x00, 0x00, 0x00, 0x00, 0x00, 0x00, 0x00, 0x00, 0x00, 0x0E, 0x5A, 0x00, 0x00, 0x00, 0x09,
  0x00, 0x00, 0x00, 0x0B, 0x00, 0x00, 0x00, 0x0B, 0x00, 0x00, 0x00, 0x09, 0x00, 0x00, 0x00, 0x00,
  0x00, 0x00, 0x00, 0x00, 0x00, 0x00, 0x0E, 0x5B, 0x00, 0x00, 0x00, 0x08, 0x00, 0x00, 0x00, 0x0E,
  0x00, 0x00, 0x00, 0x0E, 0x00, 0x00, 0x00, 0x08, 0x00, 0x00, 0x00, 0x00, 0x00, 0x00, 0x00, 0x00,
  0x11, 0xDC, 0x47, 0x11, 0xDC, 0x47, 0x11, 0xDC, 0x47, 0x11, 0xDC, 0x47, 0x11, 0xDA, 0x46, 0x13,
  0xED, 0x4C, 0x09, 0x95, 0x31, 0x18, 0x7B, 0x21, 0x2F, 0xFF, 0x47, 0x55, 0xC5, 0x30, 0xDC, 0x1A,
  0x56, 0xC7, 0x31, 0xDE, 0x1A, 0x52, 0xBE, 0x2E, 0xD4, 0x19, 0x03, 0x07, 0x02, 0x08, 0x01, 0x00,
  0x00, 0x00, 0x00, 0x00, 0x00, 0x00, 0x00, 0x00, 0x00, 0x00, 0x00, 0x00, 0x00, 0x00, 0x00, 0x00,
  0x00, 0x00, 0x00, 0x00, 0x00, 0x00, 0x00, 0x00, 0x04, 0x04, 0x94, 0xB6, 0x04, 0x04, 0x88, 0xB3,
  0x01, 0x00, 0x00, 0xB1, 0x88, 0x00, 0x00, 0xAF, 0x86, 0x00, 0x2F, 0xBE, 0xEE, 0xDD, 0xBD, 0xBE,
  0xEE, 0xDD, 0x2D, 0x0B, 0x48, 0xE0, 0x6D, 0x2D, 0x3B, 0xE6, 0x76, 0x07, 0x00, 0x1C, 0xE0, 0x0F,
  0x00, 0x06, 0xE2, 0x23, 0x00, 0x2C, 0xD0, 0xF7, 0xBD, 0xB8, 0xC7, 0xF3, 0xC8, 0x2D, 0x05, 0x8A,
  0xD7, 0x36, 0x2B, 0x87, 0xD8, 0x36, 0x0D, 0x00, 0x7A, 0xC1, 0x00, 0x00, 0x7D, 0xC2, 0x00, 0x02,
  0x00, 0x9A, 0xA7, 0x01, 0x01, 0x9E, 0xAA, 0x01, 0x04, 0x00, 0x00, 0x28, 0xF7, 0x87, 0x05, 0x00,
  0x03, 0x72, 0xDB, 0xB2, 0xCE, 0xBD, 0x23, 0x29, 0xEC, 0x51, 0x00, 0x17, 0x86, 0x32, 0x35, 0xF3,
  0x26, 0x00, 0x00, 0x00, 0x00, 0x0A, 0xAC, 0xE1, 0x46, 0x01, 0x00, 0x02, 0x00, 0x0F, 0x92, 0xF1,
  0xAE, 0x22, 0x00, 0x01, 0x00, 0x00, 0x30, 0xB1, 0xDE, 0x1F, 0x00, 0x00, 0x07, 0x00, 0x02, 0xC4,
  0x90, 0x22, 0x3D, 0x00, 0x00, 0x00, 0xA7, 0xA9, 0x4A, 0xFA, 0x92, 0x53, 0x89, 0xF5, 0x48, 0x00,
  0x50, 0xBD, 0xFF, 0xDB, 0x51, 0x00, 0x00, 0x00, 0x02, 0xE0, 0x5F, 0x00, 0x03, 0x04, 0x76, 0xD9,
  0xC9, 0x3A, 0x00, 0x05, 0x03, 0xB1, 0x6C, 0x00, 0x03, 0x2E, 0xE5, 0x30, 0x7E, 0xC0, 0x07, 0x00,
  0x6B, 0xB4, 0x07, 0x02, 0x00, 0x44, 0xE1, 0x00, 0x3A, 0xE0, 0x05, 0x23, 0xD1, 0x27, 0x00, 0x00,
  0x02, 0x1C, 0xD6, 0x80, 0xBA, 0x97, 0x00, 0xB2, 0x68, 0x0D, 0x4B, 0x18, 0x00, 0x00, 0x34, 0x9B,
  0x85, 0x08, 0x63, 0xB3, 0x0F, 0xB5, 0xC4, 0xC2, 0x24, 0x01, 0x00, 0x00, 0x00, 0x27, 0xD5, 0x12,
  0x66, 0xD5, 0x05, 0xB0, 0x95, 0x00, 0x03, 0x07, 0x07, 0xB0, 0x72, 0x00, 0x89, 0xB9, 0x00, 0x84,
  0xB9, 0x00, 0x01, 0x00, 0x6C, 0xAF, 0x08, 0x01, 0x5D, 0xD9, 0x22, 0xC1, 0x7C, 0x01, 0x00, 0x24,
  0xCC, 0x27, 0x00, 0x02, 0x0A, 0x96, 0xDB, 0xA8, 0x10, 0x02, 0x00, 0x67, 0xD3, 0xD4, 0x95, 0x08,
  0x00, 0x00, 0x00, 0x25, 0xE8, 0x48, 0x19, 0xDE, 0x5D, 0x00, 0x02, 0x00, 0x31, 0xE3, 0x1B, 0x0A,
  0xDB, 0x56, 0x01, 0x03, 0x03, 0x00, 0xB8, 0xAB, 0x96, 0xA7, 0x02, 0x00, 0x00, 0x00, 0x36, 0xC6,
  0xF7, 0xB6, 0x00, 0x01, 0x0E, 0x16, 0x19, 0xDA, 0x71, 0x3C, 0xDF, 0x66, 0x00, 0x87, 0x81, 0x44,
  0xE5, 0x04, 0x00, 0x4F, 0xD6, 0x7C, 0xCE, 0x4F, 0x24, 0xEA, 0x62, 0x00, 0x00, 0x5C, 0xFF, 0xD4,
  0x13, 0x00, 0x59, 0xD0, 0xB4, 0xB1, 0xB8, 0x85, 0xC1, 0x81, 0x01, 0x00, 0x1B, 0x47, 0x48, 0x29,
  0x00, 0x15, 0x26, 0x47, 0xDC, 0x11, 0x48, 0xDE, 0x11, 0x45, 0xD4, 0x10, 0x02, 0x08, 0x01, 0x00,
  0x00, 0x00, 0x00, 0x00, 0x00, 0x00, 0x00, 0x00, 0x00, 0x00, 0x00, 0x00, 0x00, 0x00, 0x02, 0x00,
  0x30, 0x89, 0x1B, 0x01, 0x0F, 0xCF, 0x85, 0x00, 0x00, 0x71, 0xD7, 0x09, 0x00, 0x08, 0xC7, 0x88,
  0x00, 0x04, 0x1D, 0xE5, 0x57, 0x01, 0x05, 0x29, 0xEF, 0x40, 0x00, 0x04, 0x2B, 0xF1, 0x3B, 0x00,
  0x04, 0x23, 0xEA, 0x4C, 0x00, 0x04, 0x10, 0xD8, 0x71, 0x00, 0x05, 0x00, 0x9A, 0xB7, 0x03, 0x03,
  0x00, 0x30, 0xE9, 0x41, 0x00, 0x03, 0x01, 0x74, 0xD1, 0x20, 0x58, 0x74, 0x04, 0x03, 0x1D, 0xD6,
  0x66, 0x00, 0x00, 0x61, 0xD9, 0x12, 0x01, 0x1E, 0xE4, 0x47, 0x01, 0x00, 0xBE, 0x87, 0x05, 0x00,
  0xAC, 0xA6, 0x06, 0x00, 0xA8, 0xAC, 0x02, 0x00, 0xB5, 0x97, 0x00, 0x0F, 0xD4, 0x63, 0x01, 0x3E,
  0xEB, 0x23, 0x00, 0xAC, 0x9C, 0x02, 0x6E, 0xCE, 0x17, 0x00, 0x01, 0x2E, 0x79, 0x0B, 0x79, 0x2E,
  0x01, 0x00, 0x09, 0xAA, 0x89, 0xAA, 0x09, 0x00, 0x29, 0xB2, 0xC8, 0xFF, 0xC8, 0xB2, 0x29, 0x11,
  0x41, 0xA9, 0xDC, 0xAA, 0x42, 0x11, 0x00, 0x23, 0xB5, 0x38, 0xB6, 0x23, 0x00, 0x00, 0x14, 0x22,
  0x01, 0x22, 0x13, 0x00, 0x00, 0x00, 0x00, 0x00, 0x00, 0x00, 0x00, 0x00, 0x01, 0x02, 0x00, 0x02,
  0x01, 0x00, 0x00, 0x00, 0x00, 0x00, 0x00, 0x00, 0x00, 0x00, 0x00, 0x00, 0x00, 0x00, 0x00, 0x00,
  0x00, 0x00, 0x00, 0x00, 0xE6, 0x69, 0x00, 0x03, 0x00, 0x00, 0x00, 0x00, 0x00, 0xE6, 0x69, 0x00,
  0x03, 0x00, 0x00, 0x00, 0x00, 0x00, 0xE6, 0x68, 0x00, 0x01, 0x00, 0x23, 0xCE, 0xC6, 0xC8, 0xF9,
  0xDF, 0xC3, 0xCF, 0x23, 0x05, 0x1E, 0x1D, 0x1A, 0xE8, 0x79, 0x15, 0x21, 0x05, 0x00, 0x00, 0x00,
  0x00, 0xE6, 0x67, 0x00, 0x00, 0x00, 0x00, 0x01, 0x01, 0x01, 0xE6, 0x6A, 0x01, 0x04, 0x00, 0x04,
  0x32, 0x27, 0x01, 0x24, 0xFF, 0xDE, 0x18, 0x0E, 0x91, 0xE6, 0x1C, 0x00, 0x90, 0x96, 0x03, 0x20,
  0x9C, 0x1A, 0x00, 0x3C, 0xDA, 0xD0, 0xDA, 0x3C, 0x03, 0x0F, 0x0C, 0x0F, 0x03, 0x00, 0x00, 0x00,
  0x00, 0x00, 0x00, 0x01, 0x01, 0x01, 0x00, 0x12, 0x64, 0x1C, 0x2F, 0xFF, 0x45, 0x00, 0x00, 0x00,
  0x04, 0x00, 0x8A, 0xB6, 0x00, 0x00, 0x02, 0x00, 0x1D, 0xDB, 0x40, 0x00, 0x00, 0x01, 0x00, 0x8B,
  0xAF, 0x03, 0x00, 0x01, 0x01, 0x1B, 0xDE, 0x3F, 0x00, 0x00, 0x01, 0x00, 0x8D, 0xB3, 0x00, 0x03,
  0x01, 0x00, 0x1B, 0xDF, 0x3B, 0x00, 0x03, 0x05, 0x00, 0x90, 0xB2, 0x00, 0x01, 0x00, 0x02, 0x21,
  0xDF, 0x37, 0x01, 0x01, 0x00, 0x00, 0x8B, 0xAF, 0x00, 0x01, 0x01, 0x00, 0x25, 0xE1, 0x3B, 0x00,
  0x03, 0x00, 0x00, 0x47, 0x75, 0x02, 0x01, 0x00, 0x00, 0x00, 0x02, 0x0A, 0x90, 0xCE, 0xCB, 0xBC,
  0x33, 0x00, 0x00, 0x88, 0xD3, 0x28, 0x08, 0x8A, 0xD8, 0x13, 0x17, 0xE1, 0x52, 0x00, 0x01, 0x04,
  0xD6, 0x69, 0x31, 0xE8, 0x30, 0x02, 0x08, 0x01, 0xAC, 0xA2, 0x37, 0xEC, 0x27, 0x00, 0x09, 0x01,
  0xA5, 0xB0, 0x31, 0xE8, 0x30, 0x02, 0x08, 0x01, 0xAC, 0xA2, 0x17, 0xE2, 0x51, 0x00, 0x02, 0x03,
  0xD6, 0x69, 0x00, 0x89, 0xD2, 0x27, 0x07, 0x89, 0xD8, 0x14, 0x02, 0x0A, 0x92, 0xCF, 0xCA, 0xBD,
  0x34, 0x00, 0x00, 0x0F, 0x70, 0xE9, 0x73, 0x00, 0x02, 0x00, 0x09, 0x9A, 0xBA, 0xE9, 0x78, 0x00,
  0x02, 0x00, 0x08, 0x38, 0x02, 0xCD, 0x80, 0x00, 0x02, 0x00, 0x00, 0x00, 0x00, 0xD4, 0x7E, 0x00,
  0x02, 0x00, 0x00, 0x06, 0x01, 0xD3, 0x7E, 0x00, 0x02, 0x00, 0x00, 0x04, 0x01, 0xD3, 0x7E, 0x01,
  0x02, 0x00, 0x00, 0x04, 0x01, 0xD3, 0x7E, 0x01, 0x02, 0x00, 0x00, 0x05, 0x00, 0xD3, 0x80, 0x00,
  0x04, 0x00, 0x00, 0x50, 0xC9, 0xF1, 0xE1, 0xCB, 0x4F, 0x00, 0x14, 0x84, 0xCA, 0xC7, 0xC7, 0x99,
  0x11, 0x01, 0x37, 0xB2, 0x41, 0x09, 0x24, 0xCE, 0x97, 0x01, 0x02, 0x00, 0x00, 0x04, 0x00, 0x6D,
  0xD4, 0x06, 0x00, 0x00, 0x05, 0x02, 0x00, 0xB5, 0xA4, 0x01, 0x00, 0x01, 0x03, 0x00, 0x4D, 0xF8,
  0x39, 0x00, 0x01, 0x04, 0x00, 0x30, 0xED, 0x76, 0x00, 0x03, 0x00, 0x00, 0x40, 0xE9, 0x8A, 0x00,
  0x02, 0x00, 0x08, 0x70, 0xEB, 0x7B, 0x00, 0x06, 0x06, 0x01, 0x2C, 0xFF, 0xF9, 0xC3, 0xCD, 0xCB,
  0xCE, 0x27, 0x07, 0x60, 0xBB, 0xC4, 0xCB, 0xAF, 0x21, 0x00, 0x12, 0x87, 0x52, 0x0C, 0x19, 0xB4,
  0xAE, 0x03, 0x00, 0x00, 0x00, 0x00, 0x00, 0x8C, 0xC2, 0x01, 0x01, 0x02, 0x18, 0x4B, 0x87, 0xC6,
  0x33, 0x01, 0x03, 0x01, 0x2D, 0xA2, 0xC9, 0xB9, 0x2B, 0x00, 0x00, 0x01, 0x00, 0x00, 0x09, 0x88,
  0xD8, 0x17, 0x01, 0x00, 0x00, 0x05, 0x00, 0x1B, 0xF7, 0x34, 0x1C, 0x9C, 0x4B, 0x0B, 0x19, 0x9F,
  0xD2, 0x11, 0x0A, 0x73, 0xC6, 0xC8, 0xCD, 0xB5, 0x2D, 0x00, 0x00, 0x00, 0x01, 0x00, 0x23, 0xEF,
  0xC0, 0x0F, 0x00, 0x00, 0x02, 0x02, 0xA2, 0xEE, 0xC0, 0x0F, 0x00, 0x02, 0x00, 0x74, 0xBB, 0x7A,
  0xD6, 0x0A, 0x02, 0x00, 0x28, 0xEB, 0x30, 0x61, 0xD8, 0x09, 0x03, 0x08, 0xC3, 0x97, 0x00, 0x70,
  0xD7, 0x0B, 0x00, 0x6E, 0xC1, 0x00, 0x00, 0x65, 0xD4, 0x00, 0x24, 0xFE, 0x97, 0x52, 0x4F, 0xA1,
  0xE5, 0x61, 0x21, 0xA9, 0xAD, 0xBA, 0xAD, 0xD5, 0xF3, 0xB9, 0x00, 0x00, 0x00, 0x00, 0x00, 0x6A,
  0xD6, 0x04, 0x13, 0xCC, 0xE1, 0xC5, 0xCA, 0xCE, 0x6F, 0x00, 0x1A, 0xE8, 0x5A, 0x00, 0x04, 0x07,
  0x03, 0x00, 0x26, 0xEA, 0x47, 0x13, 0x10, 0x00, 0x00, 0x00, 0x36, 0xFF, 0xB9, 0xB3, 0xD3, 0x95,
  0x0E, 0x00, 0x30, 0xAE, 0x4D, 0x09, 0x35, 0xE6, 0x90, 0x01, 0x04, 0x03, 0x00, 0x03, 0x00, 0x77,
  0xE2, 0x0F, 0x00, 0x00, 0x00, 0x03, 0x00, 0x7F, 0xDA, 0x0B, 0x56, 0x9B, 0x22, 0x07, 0x41, 0xEB,
  0x78, 0x00, 0x29, 0x9D, 0xC6, 0xCA, 0xCD, 0x7D, 0x08, 0x02, 0x00, 0x00, 0x00, 0x00, 0x2A, 0x94,
  0x44, 0x00, 0x01, 0x01, 0x03, 0x83, 0xDF, 0xA2, 0x32, 0x01, 0x01, 0x00, 0x96, 0xCF, 0x26, 0x00,
  0x00, 0x00, 0x00, 0x5D, 0xEB, 0x45, 0x22, 0x0E, 0x00, 0x01, 0x0C, 0xC4, 0xED, 0xA9, 0xC4, 0xC2,
  0x31, 0x00, 0x24, 0xFB, 0x8B, 0x0E, 0x09, 0x9C, 0xD2, 0x10, 0x33, 0xF2, 0x2A, 0x00, 0x00, 0x29,
  0xEE, 0x32, 0x27, 0xE3, 0x30, 0x00, 0x00, 0x2E, 0xF1, 0x2E, 0x06, 0xA2, 0xB3, 0x1B, 0x19, 0xB2,
  0xBD, 0x0A, 0x00, 0x12, 0x9C, 0xCE, 0xD3, 0xB0, 0x20, 0x00, 0x27, 0xCE, 0xCA, 0xCE, 0xC9, 0xDC,
  0xFF, 0x2D, 0x01, 0x05, 0x06, 0x06, 0x0F, 0xD1, 0xA8, 0x0A, 0x00, 0x00, 0x01, 0x00, 0x96, 0xD9,
  0x08, 0x00, 0x00, 0x02, 0x01, 0x28, 0xF6, 0x55, 0x00, 0x05, 0x00, 0x03, 0x00, 0x95, 0xCD, 0x03,
  0x03, 0x00, 0x01, 0x02, 0x00, 0xD4, 0x86, 0x00, 0x02, 0x00, 0x02, 0x00, 0x22, 0xE2, 0x48, 0x00,
  0x01, 0x00, 0x03, 0x00, 0x3F, 0xE9, 0x20, 0x00, 0x00, 0x00, 0x03, 0x00, 0x49, 0xEC, 0x0F, 0x00,
  0x00, 0x00, 0x00, 0x1A, 0xA6, 0xCA, 0xC7, 0xC2, 0x48, 0x00, 0x03, 0xA6, 0xC6, 0x22, 0x0C, 0x7C,
  0xEA, 0x1F, 0x06, 0xD4, 0x77, 0x00, 0x00, 0x23, 0xF7, 0x33, 0x01, 0x5D, 0xDB, 0x69, 0x4E, 0xBA,
  0xA4, 0x0B, 0x00, 0x46, 0xE2, 0xBB, 0xA9, 0xE2, 0x91, 0x04, 0x1B, 0xDE, 0x71, 0x00, 0x00, 0x20,
  0xD9, 0x6B, 0x36, 0xF6, 0x1C, 0x00, 0x08, 0x00, 0xA5, 0xB1, 0x16, 0xDD, 0x9D, 0x1B, 0x0A, 0x4D,
  0xEE, 0x63, 0x00, 0x31, 0xB4, 0xC8, 0xC6, 0xC8, 0x70, 0x04, 0x00, 0x1E, 0xAD, 0xD2, 0xCD, 0x98,
  0x0F, 0x00, 0x0A, 0xBB, 0xB3, 0x19, 0x1C, 0xB6, 0x9B, 0x04, 0x2E, 0xF0, 0x2E, 0x00, 0x00, 0x33,
  0xDF, 0x24, 0x33, 0xED, 0x29, 0x06, 0x04, 0x2A, 0xEF, 0x33, 0x12, 0xDA, 0x83, 0x00, 0x00, 0x7C,
  0xFF, 0x26, 0x00, 0x45, 0xD7, 0xB7, 0xAC, 0xE9, 0xD3, 0x13, 0x01, 0x00, 0x1D, 0x41, 0x3F, 0xD5,
  0x7D, 0x00, 0x00, 0x00, 0x00, 0x09, 0x9F, 0xBF, 0x12, 0x01, 0x00, 0x23, 0x84, 0xDA, 0xB7, 0x1C,
  0x00, 0x02, 0x00, 0x4B, 0xC1, 0x52, 0x03, 0x00, 0x01, 0x00, 0x2E, 0xFF, 0x44, 0x1D, 0x9B, 0x2B,
  0x00, 0x00, 0x00, 0x02, 0x09, 0x02, 0x00, 0x00, 0x00, 0x1D, 0x9A, 0x2B, 0x2F, 0xFF, 0x45, 0x2E,
  0xFF, 0x45, 0x1A, 0x8C, 0x27, 0x00, 0x00, 0x00, 0x01, 0x07, 0x02, 0x00, 0x00, 0x00, 0x27, 0xCC,
  0x31, 0x1E, 0xEF, 0x5D, 0x0D, 0x98, 0x3A, 0x36, 0x78, 0x03, 0x00, 0x00, 0x03, 0x04, 0x00, 0x00,
  0x39, 0xB2, 0x25, 0x00, 0x03, 0x00, 0x00, 0x3E, 0xA4, 0xCB, 0x81, 0x0A, 0x00, 0x00, 0x34, 0xAE,
  0xCD, 0x83, 0x19, 0x00, 0x00, 0x10, 0xAE, 0xDC, 0x73, 0x16, 0x00, 0x00, 0x05, 0x00, 0x12, 0xB9,
  0xDA, 0x69, 0x0F, 0x00, 0x00, 0x05, 0x00, 0x00, 0x00, 0x3F, 0xB6, 0xC9, 0x7A, 0x13, 0x00, 0x00,
  0x00, 0x03, 0x00, 0x00, 0x46, 0xAB, 0xC9, 0x7A, 0x09, 0x00, 0x00, 0x03, 0x03, 0x00, 0x00, 0x40,
  0xB9, 0x26, 0x22, 0xC9, 0xC0, 0xC3, 0xC3, 0xC3, 0xC0, 0xC9, 0x22, 0x00, 0x00, 0x00, 0x00, 0x00,
  0x00, 0x00, 0x00, 0x00, 0x09, 0x36, 0x35, 0x35, 0x35, 0x35, 0x35, 0x36, 0x09, 0x1E, 0xB0, 0xAB,
  0xAE, 0xAE, 0xAE, 0xAB, 0xB0, 0x1E, 0x00, 0x00, 0x00, 0x00, 0x00, 0x00, 0x00, 0x00, 0x00, 0x25,
  0xB2, 0x39, 0x00, 0x00, 0x04, 0x03, 0x00, 0x00, 0x0A, 0x81, 0xCC, 0xA3, 0x3E, 0x00, 0x00, 0x03,
  0x00, 0x00, 0x00, 0x1A, 0x83, 0xCD, 0xAE, 0x34, 0x00, 0x00, 0x00, 0x05, 0x00, 0x00, 0x16, 0x74,
  0xDC, 0xAE, 0x10, 0x00, 0x05, 0x00, 0x00, 0x10, 0x69, 0xDA, 0xBA, 0x12, 0x00, 0x00, 0x13, 0x7B,
  0xCA, 0xB6, 0x3F, 0x00, 0x00, 0x09, 0x7A, 0xCA, 0xAA, 0x46, 0x00, 0x00, 0x03, 0x00, 0x26, 0xB9,
  0x3F, 0x00, 0x00, 0x03, 0x03, 0x00, 0x00, 0x1E, 0xA2, 0xC9, 0xCE, 0xA4, 0x13, 0x40, 0x8C, 0x12,
  0x1A, 0xC7, 0x8B, 0x00, 0x00, 0x00, 0x00, 0x8D, 0xB2, 0x00, 0x04, 0x02, 0x1F, 0xD9, 0x45, 0x00,
  0x01, 0x00, 0xAE, 0x90, 0x00, 0x02, 0x00, 0x58, 0xEA, 0x0C, 0x01, 0x01, 0x00, 0x4D, 0x88, 0x00,
  0x03, 0x02, 0x00, 0x5A, 0x63, 0x01, 0x01, 0x04, 0x00, 0xB9, 0xD2, 0x00, 0x03, 0x01, 0x00, 0x00,
  0x56, 0xA4, 0xAB, 0xB3, 0xBC, 0x8E, 0x18, 0x00, 0x00, 0x02, 0x04, 0x8A, 0xCD, 0x85, 0x8B, 0x7C,
  0x4D, 0xA2, 0xD7, 0x25, 0x00, 0x00, 0x66, 0xDF, 0x5D, 0xA7, 0x7E, 0xA8, 0xBA, 0x03, 0xA5, 0xB7,
  0x06, 0x0D, 0xD4, 0x6E, 0x05, 0x38, 0x14, 0x23, 0xEC, 0x5D, 0x2D, 0xE9, 0x26, 0x2B, 0xE7, 0x31,
  0x1D, 0xB3, 0xCA, 0xC2, 0xF3, 0x70, 0x1F, 0xEB, 0x36, 0x35, 0xED, 0x1A, 0xB5, 0xB4, 0x0C, 0x00,
  0xD8, 0x67, 0x36, 0xF5, 0x24, 0x28, 0xEF, 0x2B, 0xA9, 0xBD, 0x21, 0x74, 0xEC, 0xB1, 0xD0, 0xA4,
  0x04, 0x08, 0xC7, 0x91, 0x0A, 0xB2, 0xD2, 0x84, 0x4E, 0xD3, 0x99, 0x10, 0x00, 0x00, 0x3F, 0xF3,
  0x71, 0x00, 0x00, 0x00, 0x0A, 0x0E, 0x00, 0x00, 0x00, 0x01, 0x00, 0x43, 0xC6, 0xC6, 0xA6, 0xAC,
  0xB8, 0x52, 0x02, 0x02, 0x00, 0x00, 0x02, 0x00, 0x0D, 0x42, 0x61, 0x54, 0x33, 0x0B, 0x00, 0x00,
  0x00, 0x00, 0x04, 0x00, 0x7D, 0xFA, 0x44, 0x01, 0x03, 0x00, 0x01, 0x02, 0x09, 0xC6, 0xED, 0x9D,
  0x00, 0x04, 0x00, 0x04, 0x00, 0x4D, 0xD9, 0x5F, 0xDD, 0x1F, 0x01, 0x02, 0x04, 0x00, 0xA6, 0xA4,
  0x07, 0xD6, 0x72, 0x00, 0x05, 0x00, 0x20, 0xE4, 0x47, 0x00, 0x83, 0xC5, 0x08, 0x02, 0x00, 0x66,
  0xE8, 0x33, 0x12, 0x4F, 0xF6, 0x3A, 0x00, 0x09, 0xB7, 0xE7, 0xC9, 0xD1, 0xC8, 0xF1, 0x85, 0x01,
  0x35, 0xF4, 0x53, 0x0C, 0x1C, 0x0B, 0x7C, 0xEA, 0x13, 0x96, 0xCF, 0x07, 0x00, 0x02, 0x00, 0x2F,
  0xF1, 0x58, 0x32, 0xFC, 0xD1, 0xC9, 0xCD, 0xAE, 0x23, 0x00, 0x37, 0xEE, 0x2B, 0x03, 0x24, 0xBD,
  0xB1, 0x04, 0x37, 0xEC, 0x16, 0x00, 0x00, 0x7B, 0xD2, 0x05, 0x35, 0xF2, 0x67, 0x4E, 0x6D, 0xD1,
  0x4C, 0x00, 0x33, 0xFA, 0xB0, 0xA2, 0xC1, 0xD5, 0x41, 0x00, 0x37, 0xED, 0x1A, 0x00, 0x02, 0x75,
  0xEA, 0x1D, 0x37, 0xED, 0x27, 0x04, 0x00, 0x1B, 0xF3, 0x36, 0x37, 0xEE, 0x2A, 0x00, 0x12, 0x8A,
  0xE1, 0x19, 0x32, 0xFC, 0xD1, 0xCA, 0xCE, 0xC5, 0x44, 0x00, 0x01, 0x00, 0x39, 0xAB, 0xC3, 0xC8,
  0xC6, 0x83, 0x12, 0x00, 0x3C, 0xE0, 0x74, 0x15, 0x09, 0x3A, 0xA8, 0x2E, 0x09, 0xC4, 0x8C, 0x00,
  0x00, 0x00, 0x00, 0x00, 0x00, 0x26, 0xE7, 0x3D, 0x03, 0x06, 0x01, 0x03, 0x01, 0x00, 0x30, 0xED,
  0x33, 0x00, 0x03, 0x00, 0x00, 0x01, 0x00, 0x25, 0xED, 0x43, 0x03, 0x05, 0x01, 0x03, 0x01, 0x00,
  0x09, 0xC7, 0x92, 0x00, 0x00, 0x00, 0x00, 0x00, 0x00, 0x00, 0x3F, 0xE4, 0x71, 0x13, 0x09, 0x39,
  0xA7, 0x2E, 0x01, 0x00, 0x3D, 0xAF, 0xC4, 0xC8, 0xC7, 0x86, 0x12, 0x2D, 0xFD, 0xD4, 0xCA, 0xCA,
  0xC6, 0x6D, 0x03, 0x02, 0x32, 0xF2, 0x31, 0x00, 0x0D, 0x4B, 0xE3, 0x6F, 0x00, 0x32, 0xF1, 0x2E,
  0x01, 0x06, 0x00, 0x68, 0xDE, 0x13, 0x32, 0xF1, 0x2F, 0x01, 0x08, 0x03, 0x38, 0xEC, 0x2C, 0x32,
  0xF1, 0x2E, 0x00, 0x06, 0x00, 0x32, 0xED, 0x30, 0x32, 0xF1, 0x2F, 0x01, 0x08, 0x03, 0x3F, 0xEA,
  0x28, 0x32, 0xF1, 0x2E, 0x01, 0x04, 0x00, 0x76, 0xD8, 0x0F, 0x32, 0xF2, 0x31, 0x00, 0x0F, 0x56,
  0xEA, 0x66, 0x00, 0x2D, 0xFD, 0xD4, 0xC9, 0xC4, 0xBE, 0x62, 0x02, 0x02, 0x38, 0xFB, 0xCF, 0xCB,
  0xCC, 0xCE, 0x73, 0x3E, 0xE9, 0x22, 0x04, 0x09, 0x08, 0x02, 0x3F, 0xE5, 0x0C, 0x00, 0x00, 0x00,
  0x00, 0x3C, 0xEE, 0x60, 0x4E, 0x50, 0x49, 0x0D, 0x39, 0xF8, 0xAC, 0xA2, 0xA8, 0x9B, 0x1A, 0x3E,
  0xE6, 0x10, 0x00, 0x00, 0x00, 0x00, 0x3E, 0xE7, 0x1E, 0x04, 0x04, 0x02, 0x01, 0x3E, 0xE8, 0x20,
  0x01, 0x07, 0x05, 0x02, 0x38, 0xFB, 0xCF, 0xCB, 0xCC, 0xCE, 0x73, 0x38, 0xFB, 0xCF, 0xCB, 0xCC,
  0xCE, 0x82, 0x3E, 0xE9, 0x22, 0x04, 0x09, 0x08, 0x04, 0x3F, 0xE5, 0x0C, 0x00, 0x00, 0x00, 0x00,
  0x3C, 0xEE, 0x60, 0x4F, 0x4E, 0x50, 0x1A, 0x39, 0xF8, 0xAC, 0xA2, 0xA4, 0xAB, 0x35, 0x3E, 0xE6,
  0x0F, 0x00, 0x00, 0x00, 0x00, 0x3E, 0xE7, 0x1E, 0x03, 0x04, 0x02, 0x01, 0x3E, 0xE7, 0x1C, 0x00,
  0x02, 0x00, 0x00, 0x3E, 0xE7, 0x1C, 0x00, 0x02, 0x00, 0x00, 0x01, 0x00, 0x58, 0xBA, 0xC7, 0xC9,
  0xAA, 0x30, 0x00, 0x00, 0x5A, 0xDA, 0x49, 0x08, 0x16, 0x86, 0x70, 0x00, 0x11, 0xD4, 0x54, 0x00,
  0x05, 0x02, 0x00, 0x07, 0x00, 0x39, 0xDD, 0x1A, 0x03, 0x00, 0x00, 0x00, 0x00, 0x00, 0x45, 0xDA,
  0x17, 0x00, 0x4A, 0x91, 0x8A, 0x61, 0x0B, 0x3A, 0xDE, 0x1C, 0x03, 0x3E, 0x6B, 0xA1, 0xE8, 0x15,
  0x14, 0xDA, 0x50, 0x00, 0x00, 0x00, 0x2A, 0xDB, 0x10, 0x00, 0x67, 0xDE, 0x45, 0x09, 0x1B, 0x8E,
  0xDA, 0x12, 0x01, 0x01, 0x68, 0xC4, 0xC9, 0xB9, 0xAE, 0xB4, 0x1A, 0x32, 0xF1, 0x2E, 0x00, 0x06,
  0x00, 0x2E, 0xF1, 0x32, 0x32, 0xF1, 0x30, 0x03, 0x09, 0x03, 0x30, 0xF1, 0x32, 0x32, 0xF0, 0x1F,
  0x00, 0x00, 0x00, 0x1F, 0xF0, 0x32, 0x30, 0xF5, 0x6C, 0x4E, 0x51, 0x4E, 0x6C, 0xF5, 0x30, 0x2E,
  0xFB, 0xB3, 0xA1, 0xA8, 0xA1, 0xB3, 0xFB, 0x2E, 0x32, 0xF1, 0x22, 0x00, 0x00, 0x00, 0x22, 0xF1,
  0x32, 0x32, 0xF1, 0x30, 0x03, 0x08, 0x03, 0x30, 0xF1, 0x32, 0x32, 0xF1, 0x2E, 0x00, 0x06, 0x00,
  0x2E, 0xF1, 0x32, 0x32, 0xF1, 0x2E, 0x00, 0x06, 0x00, 0x2E, 0xF1, 0x32, 0x00, 0x6C, 0xD7, 0x09,
  0x00, 0x6C, 0xD7, 0x09, 0x00, 0x6C, 0xD7, 0x09, 0x00, 0x6C, 0xD7, 0x09, 0x00, 0x6C, 0xD7, 0x09,
  0x00, 0x6C, 0xD7, 0x09, 0x00, 0x6C, 0xD7, 0x09, 0x00, 0x6C, 0xD7, 0x09, 0x00, 0x6C, 0xD7, 0x09,
  0x00, 0x03, 0x00, 0x45, 0xDE, 0x11, 0x00, 0x03, 0x00, 0x45, 0xDE, 0x11, 0x00, 0x03, 0x00, 0x45,
  0xDE, 0x11, 0x00, 0x03, 0x00, 0x45, 0xDE, 0x11, 0x00, 0x03, 0x00, 0x45, 0xDE, 0x11, 0x02, 0x05,
  0x01, 0x46, 0xDE, 0x11, 0x00, 0x00, 0x00, 0x4C, 0xD9, 0x0D, 0x30, 0x2B, 0x0C, 0xB5, 0xAC, 0x02,
  0x6A, 0xC9, 0xCA, 0xBB, 0x25, 0x00, 0x32, 0xF1, 0x2E, 0x01, 0x00, 0x4D, 0xF8, 0x5F, 0x00, 0x32,
  0xF1, 0x30, 0x00, 0x41, 0xEF, 0x74, 0x00, 0x02, 0x32, 0xF3, 0x23, 0x2A, 0xE7, 0x85, 0x00, 0x03,
  0x01, 0x34, 0xEC, 0x56, 0xE0, 0xBE, 0x00, 0x02, 0x00, 0x00, 0x30, 0xF5, 0xED, 0xCD, 0xE2, 0x2F,
  0x00, 0x02, 0x00, 0x29, 0xFF, 0x93, 0x11, 0xBF, 0xCE, 0x08, 0x01, 0x01, 0x32, 0xF1, 0x2A, 0x00,
  0x1F, 0xF0, 0x8A, 0x00, 0x04, 0x32, 0xF1, 0x2E, 0x01, 0x00, 0x4D, 0xFB, 0x48, 0x00, 0x32, 0xF1,
  0x2E, 0x00, 0x05, 0x00, 0x93, 0xE0, 0x17, 0x3E, 0xE7, 0x1C, 0x00, 0x02, 0x00, 0x00, 0x3E, 0xE7,
  0x1C, 0x00, 0x02, 0x00, 0x00, 0x3E, 0xE7, 0x1C, 0x00, 0x02, 0x00, 0x00, 0x3E, 0xE7, 0x1C, 0x00,
  0x02, 0x00, 0x00, 0x3E, 0xE7, 0x1C, 0x00, 0x02, 0x00, 0x00, 0x3E, 0xE7, 0x1D, 0x01, 0x03, 0x01,
  0x01, 0x3E, 0xE7, 0x1C, 0x01, 0x02, 0x00, 0x00, 0x3E, 0xE8, 0x20, 0x01, 0x07, 0x05, 0x03, 0x38,
  0xFB, 0xCF, 0xCB, 0xCD, 0xCE, 0x91, 0x30, 0xFF, 0x64, 0x00, 0x02, 0x01, 0x00, 0x06, 0xCA, 0xCB,
  0x0F, 0x31, 0xFF, 0xC5, 0x0A, 0x00, 0x02, 0x01, 0x35, 0xFF, 0xC0, 0x11, 0x3A, 0xF1, 0xF1, 0x46,
  0x01, 0x01, 0x00, 0x91, 0xEC, 0xC4, 0x10, 0x41, 0xD6, 0xA7, 0xA8, 0x00, 0x00, 0x21, 0xC7, 0x8F,
  0xD4, 0x0D, 0x3D, 0xE5, 0x3F, 0xD6, 0x2C, 0x01, 0x88, 0x9E, 0x54, 0xDC, 0x0B, 0x3C, 0xEB, 0x12,
  0xA1, 0x8E, 0x00, 0xD9, 0x36, 0x58, 0xDB, 0x0B, 0x3C, 0xEA, 0x16, 0x3E, 0xC5, 0x69, 0xCB, 0x00,
  0x5D, 0xDA, 0x0B, 0x3C, 0xEA, 0x1C, 0x03, 0xAE, 0xF7, 0x69, 0x00, 0x63, 0xDA, 0x0B, 0x3C, 0xE9,
  0x21, 0x00, 0x62, 0xEC, 0x1F, 0x00, 0x63, 0xDA, 0x0B, 0x3D, 0xFE, 0x50, 0x00, 0x05, 0x00, 0x45,
  0xDE, 0x11, 0x3D, 0xFF, 0xDE, 0x19, 0x01, 0x00, 0x45, 0xDE, 0x11, 0x48, 0xDA, 0xC7, 0xAD, 0x00,
  0x01, 0x45, 0xDE, 0x11, 0x48, 0xD6, 0x29, 0xE5, 0x68, 0x00, 0x49, 0xDE, 0x11, 0x47, 0xE1, 0x02,
  0x55, 0xF1, 0x13, 0x3D, 0xE0, 0x11, 0x47, 0xDF, 0x12, 0x00, 0xAD, 0xAA, 0x3D, 0xDE, 0x11, 0x47,
  0xDE, 0x13, 0x01, 0x1C, 0xD0, 0xB3, 0xD1, 0x13, 0x47, 0xDE, 0x11, 0x00, 0x00, 0x47, 0xFF, 0xCC,
  0x15, 0x47, 0xDE, 0x11, 0x00, 0x03, 0x00, 0x9B, 0xD7, 0x13, 0x01, 0x00, 0x60, 0xC2, 0xC7, 0xC8,
  0x98, 0x12, 0x00, 0x00, 0x61, 0xE3, 0x4C, 0x08, 0x23, 0xAC, 0xB8, 0x0B, 0x12, 0xD9, 0x5A, 0x00,
  0x03, 0x00, 0x09, 0xDF, 0x54, 0x39, 0xE0, 0x1B, 0x04, 0x04, 0x05, 0x00, 0x9D, 0xA1, 0x44, 0xDC,
  0x15, 0x00, 0x02, 0x05, 0x01, 0x8B, 0xB6, 0x39, 0xE0, 0x1B, 0x03, 0x04, 0x05, 0x00, 0x9C, 0xA2,
  0x12, 0xD9, 0x59, 0x00, 0x03, 0x00, 0x09, 0xDF, 0x54, 0x00, 0x61, 0xE3, 0x4B, 0x07, 0x23, 0xAC,
  0xB8, 0x0B, 0x01, 0x00, 0x62, 0xC4, 0xC7, 0xC9, 0x9A, 0x12, 0x00, 0x32, 0xFC, 0xD1, 0xCA, 0xCF,
  0xBF, 0x39, 0x00, 0x37, 0xEE, 0x29, 0x00, 0x1B, 0x9A, 0xDE, 0x16, 0x37, 0xED, 0x2A, 0x06, 0x00,
  0x1C, 0xF3, 0x37, 0x38, 0xEB, 0x10, 0x00, 0x00, 0x5E, 0xEC, 0x21, 0x34, 0xF7, 0x9B, 0x8C, 0x9F,
  0xD1, 0x66, 0x00, 0x34, 0xF7, 0x82, 0x67, 0x5A, 0x26, 0x00, 0x00, 0x37, 0xEC, 0x18, 0x00, 0x00,
  0x00, 0x02, 0x00, 0x37, 0xED, 0x27, 0x02, 0x06, 0x02, 0x00, 0x00, 0x37, 0xED, 0x25, 0x00, 0x03,
  0x00, 0x00, 0x00, 0x01, 0x00, 0x51, 0xC2, 0xD1, 0xCF, 0x8C, 0x0C, 0x00, 0x00, 0x4B, 0xE9, 0x5F,
  0x0E, 0x2F, 0xC1, 0xA4, 0x06, 0x0A, 0xCA, 0x74, 0x00, 0x02, 0x00, 0x17, 0xE7, 0x40, 0x2F, 0xE0,
  0x24, 0x04, 0x04, 0x04, 0x01, 0xAB, 0x8F, 0x42, 0xDC, 0x16, 0x00, 0x02, 0x05, 0x01, 0x8F, 0xB2,
  0x44, 0xE0, 0x16, 0x00, 0x02, 0x05, 0x01, 0x8F, 0xB5, 0x2F, 0xEC, 0x28, 0x01, 0x05, 0x03, 0x00,
  0xB2, 0x90, 0x08, 0xCA, 0x89, 0x00, 0x00, 0x00, 0x2A, 0xF5, 0x3E, 0x00, 0x4E, 0xF6, 0x7D, 0x2C,
  0x3B, 0xD9, 0xA2, 0x02, 0x01, 0x00, 0x52, 0xC1, 0xF5, 0xFF, 0xAB, 0x00, 0x00, 0x00, 0x01, 0x00,
  0x00, 0x3B, 0x8D, 0xA5, 0xB6, 0x39, 0x00, 0x00, 0x04, 0x01, 0x00, 0x00, 0x2D, 0x55, 0x22, 0x32,
  0xFC, 0xD1, 0xCA, 0xCD, 0xCE, 0x58, 0x02, 0x37, 0xEE, 0x2B, 0x03, 0x14, 0x77, 0xF0, 0x25, 0x37,
  0xEC, 0x15, 0x00, 0x00, 0x2C, 0xF3, 0x2F, 0x35, 0xF2, 0x67, 0x4D, 0x4A, 0xAD, 0x98, 0x06, 0x33,
  0xFA, 0xAF, 0xA5, 0xFE, 0xC0, 0x00, 0x00, 0x37, 0xED, 0x1A, 0x00, 0x48, 0xF6, 0x3E, 0x00, 0x37,
  0xED, 0x28, 0x02, 0x04, 0xCC, 0x9E, 0x01, 0x37, 0xED, 0x26, 0x00, 0x00, 0x63, 0xF5, 0x1C, 0x37,
  0xED, 0x25, 0x00, 0x00, 0x1E, 0xE4, 0x71, 0x00, 0x50, 0xC2, 0xC6, 0xCB, 0x9A, 0x19, 0x27, 0xE6,
  0x5E, 0x06, 0x28, 0x93, 0x33, 0x34, 0xF9, 0x2F, 0x00, 0x00, 0x00, 0x00, 0x06, 0x97, 0xF6, 0x79,
  0x19, 0x00, 0x01, 0x00, 0x02, 0x63, 0xD2, 0xE6, 0x5E, 0x00, 0x00, 0x00, 0x00, 0x0C, 0x6F, 0xF8,
  0x50, 0x01, 0x00, 0x00, 0x00, 0x00, 0xA2, 0xB1, 0x42, 0xB1, 0x3A, 0x09, 0x32, 0xD6, 0x6D, 0x19,
  0x8D, 0xCE, 0xC9, 0xCA, 0x7C, 0x05, 0x23, 0xCE, 0xCB, 0xCC, 0xFA, 0xE2, 0xC7, 0xCE, 0x23, 0x01,
  0x05, 0x05, 0x02, 0xE6, 0x6B, 0x00, 0x08, 0x01, 0x00, 0x00, 0x00, 0x00, 0xE6, 0x69, 0x01, 0x03,
  0x00, 0x00, 0x01, 0x01, 0x01, 0xE6, 0x69, 0x01, 0x04, 0x00, 0x00, 0x00, 0x00, 0x00, 0xE6, 0x69,
  0x00, 0x03, 0x00, 0x00, 0x00, 0x00, 0x00, 0xE6, 0x69, 0x00, 0x03, 0x00, 0x00, 0x00, 0x00, 0x00,
  0xE6, 0x69, 0x00, 0x03, 0x00, 0x00, 0x00, 0x00, 0x00, 0xE6, 0x69, 0x00, 0x03, 0x00, 0x00, 0x00,
  0x00, 0x00, 0xE6, 0x69, 0x00, 0x03, 0x00, 0x32, 0xF1, 0x2E, 0x00, 0x06, 0x00, 0x2E, 0xF1, 0x32,
  0x32, 0xF1, 0x2E, 0x00, 0x06, 0x00, 0x2E, 0xF1, 0x32, 0x32, 0xF1, 0x2E, 0x00, 0x06, 0x00, 0x2E,
  0xF1, 0x32, 0x32, 0xF1, 0x2E, 0x00, 0x06, 0x00, 0x2E, 0xF1, 0x32, 0x32, 0xF1, 0x2E, 0x00, 0x06,
  0x00, 0x2E, 0xF1, 0x32, 0x31, 0xEF, 0x31, 0x02, 0x07, 0x03, 0x32, 0xEF, 0x31, 0x23, 0xF2, 0x45,
  0x00, 0x08, 0x00, 0x47, 0xF1, 0x22, 0x06, 0xA8, 0xD0, 0x30, 0x09, 0x30, 0xD0, 0xA5, 0x05, 0x00,
  0x11, 0x9B, 0xD0, 0xC9, 0xD0, 0x9A, 0x11, 0x00, 0x97, 0xD0, 0x0C, 0x00, 0x04, 0x00, 0x24, 0xE8,
  0x6F, 0x33, 0xFC, 0x4B, 0x00, 0x09, 0x00, 0x67, 0xF7, 0x1C, 0x05, 0xC7, 0x9E, 0x00, 0x02, 0x08,
  0xBF, 0xA3, 0x01, 0x00, 0x64, 0xEF, 0x1D, 0x00, 0x2F, 0xFC, 0x49, 0x00, 0x00, 0x1E, 0xEB, 0x5D,
  0x00, 0x82, 0xD5, 0x0E, 0x00, 0x04, 0x00, 0x9F, 0xBB, 0x06, 0xD9, 0x83, 0x00, 0x05, 0x04, 0x00,
  0x49, 0xE7, 0x69, 0xE6, 0x2C, 0x01, 0x03, 0x01, 0x02, 0x08, 0xC4, 0xF9, 0xAC, 0x00, 0x03, 0x00,
  0x00, 0x04, 0x00, 0x79, 0xFA, 0x57, 0x01, 0x03, 0x00, 0x89, 0xD5, 0x16, 0x00, 0x0E, 0xCE, 0xC2,
  0x0C, 0x00, 0x1E, 0xE0, 0x78, 0x47, 0xF6, 0x34, 0x00, 0x2D, 0xF7, 0xF0, 0x29, 0x00, 0x3D, 0xFC,
  0x3B, 0x1D, 0xF6, 0x57, 0x01, 0x7A, 0xBC, 0xBC, 0x71, 0x01, 0x62, 0xF2, 0x17, 0x08, 0xCE, 0x82,
  0x00, 0xC0, 0x67, 0x70, 0xB5, 0x00, 0x8F, 0xC1, 0x05, 0x00, 0x94, 0xB4, 0x11, 0xDE, 0x30, 0x3A,
  0xD9, 0x10, 0xC2, 0x88, 0x00, 0x00, 0x61, 0xD3, 0x69, 0xCB, 0x04, 0x06, 0xCE, 0x62, 0xDA, 0x57,
  0x00, 0x00, 0x38, 0xD6, 0xCC, 0x8B, 0x00, 0x00, 0x92, 0xC9, 0xD9, 0x2E, 0x00, 0x00, 0x0E, 0xC7,
  0xFF, 0x3E, 0x00, 0x00, 0x47, 0xFF, 0xC1, 0x09, 0x01, 0x05, 0x00, 0xA4, 0xF6, 0x05, 0x00, 0x00,
  0x09, 0xFA, 0x9C, 0x00, 0x05, 0x1C, 0xEC, 0x8B, 0x00, 0x05, 0x01, 0xA1, 0xE1, 0x15, 0x00, 0x59,
  0xFB, 0x38, 0x00, 0x49, 0xFD, 0x47, 0x00, 0x04, 0x02, 0xA6, 0xCE, 0x19, 0xDE, 0x91, 0x00, 0x04,
  0x02, 0x01, 0x1B, 0xCD, 0xD8, 0xC0, 0x0E, 0x01, 0x02, 0x00, 0x05, 0x00, 0x8E, 0xFF, 0x77, 0x00,
  0x05, 0x00, 0x03, 0x00, 0x33, 0xE5, 0xB5, 0xDC, 0x24, 0x01, 0x03, 0x02, 0x05, 0xC6, 0xB4, 0x0A,
  0xC8, 0xB5, 0x03, 0x03, 0x00, 0x7C, 0xED, 0x20, 0x00, 0x2E, 0xF8, 0x67, 0x00, 0x33, 0xF7, 0x68,
  0x00, 0x07, 0x00, 0x79, 0xF1, 0x24, 0xBF, 0xBB, 0x05, 0x05, 0x00, 0x34, 0xF6, 0x56, 0x2F, 0xF4,
  0x51, 0x00, 0x04, 0xAE, 0xBE, 0x06, 0x00, 0x8C, 0xD4, 0x00, 0x3C, 0xF8, 0x35, 0x00, 0x02, 0x19,
  0xE0, 0x6B, 0xBF, 0x97, 0x00, 0x04, 0x04, 0x00, 0x61, 0xF8, 0xDF, 0x19, 0x01, 0x01, 0x01, 0x03,
  0x04, 0xDB, 0x8B, 0x00, 0x02, 0x00, 0x00, 0x04, 0x00, 0xD1, 0x7B, 0x02, 0x02, 0x00, 0x00, 0x04,
  0x01, 0xD3, 0x7F, 0x00, 0x02, 0x00, 0x00, 0x04, 0x00, 0xD3, 0x7E, 0x00, 0x02, 0x00, 0x00, 0x47,
  0xCF, 0xC8, 0xCD, 0xC9, 0xE4, 0xFC, 0x24, 0x00, 0x01, 0x07, 0x06, 0x04, 0x18, 0xDE, 0x8E, 0x03,
  0x00, 0x00, 0x00, 0x03, 0x00, 0xB5, 0xD1, 0x09, 0x00, 0x00, 0x00, 0x03, 0x00, 0x7A, 0xFB, 0x38,
  0x00, 0x03, 0x00, 0x04, 0x00, 0x42, 0xFF, 0x74, 0x00, 0x04, 0x00, 0x03, 0x00, 0x20, 0xE4, 0xBA,
  0x03, 0x03, 0x01, 0x00, 0x01, 0x05, 0xB1, 0xEF, 0x1B, 0x00, 0x01, 0x00, 0x00, 0x03, 0x7A, 0xFF,
  0x54, 0x00, 0x06, 0x04, 0x06, 0x01, 0x24, 0xF7, 0xFA, 0xCE, 0xCB, 0xCE, 0xCB, 0xCE, 0x23, 0x32,
  0xFD, 0xDC, 0xC3, 0x37, 0xEF, 0x2D, 0x04, 0x37, 0xED, 0x25, 0x00, 0x37, 0xED, 0x26, 0x01, 0x37,
  0xED, 0x25, 0x00, 0x37, 0xED, 0x25, 0x00, 0x37, 0xED, 0x25, 0x00, 0x37, 0xED, 0x25, 0x00, 0x37,
  0xED, 0x2A, 0x06, 0x37, 0xE8, 0x0D, 0x00, 0x36, 0xFF, 0xB2, 0x95, 0x0F, 0x54, 0x62, 0x5B, 0x5D,
  0xCE, 0x0B, 0x01, 0x02, 0x00, 0x00, 0x0C, 0xC8, 0x68, 0x00, 0x02, 0x00, 0x00, 0x00, 0x5F, 0xD2,
  0x0A, 0x01, 0x01, 0x00, 0x02, 0x05, 0xCB, 0x68, 0x00, 0x01, 0x00, 0x03, 0x00, 0x5D, 0xD2, 0x09,
  0x01, 0x00, 0x00, 0x01, 0x04, 0xCB, 0x6D, 0x00, 0x04, 0x00, 0x01, 0x00, 0x57, 0xD4, 0x0F, 0x02,
  0x00, 0x01, 0x01, 0x06, 0xC9, 0x6B, 0x00, 0x00, 0x00, 0x03, 0x00, 0x5A, 0xD2, 0x09, 0x00, 0x00,
  0x01, 0x02, 0x0A, 0xC6, 0x78, 0x00, 0x00, 0x00, 0x02, 0x00, 0x46, 0x7B, 0x64, 0xD2, 0xED, 0xB8,
  0x0B, 0x0A, 0x00, 0x8F, 0xCC, 0x06, 0x06, 0x02, 0x8A, 0xCD, 0x06, 0x06, 0x00, 0x8A, 0xCD, 0x06,
  0x06, 0x00, 0x8A, 0xCD, 0x06, 0x06, 0x00, 0x8A, 0xCD, 0x06, 0x06, 0x00, 0x8A, 0xCD, 0x06, 0x06,
  0x00, 0x8A, 0xCD, 0x06, 0x09, 0x06, 0x8D, 0xCC, 0x06, 0x00, 0x00, 0x7B, 0xCD, 0x05, 0x4E, 0xA7,
  0xDE, 0xC7, 0x0A, 0x2E, 0x67, 0x5C, 0x37, 0x04, 0x00, 0x02, 0x00, 0x45, 0x93, 0x0A, 0x01, 0x00,
  0x00, 0x01, 0x03, 0x04, 0xC1, 0xFD, 0x69, 0x00, 0x03, 0x00, 0x04, 0x00, 0x52, 0xCB, 0x67, 0xCF,
  0x0D, 0x02, 0x01, 0x02, 0x03, 0xBD, 0x7A, 0x00, 0xC8, 0x6A, 0x00, 0x05, 0x00, 0x45, 0xDE, 0x20,
  0x00, 0x6A, 0xCC, 0x0B, 0x01, 0x06, 0xB5, 0x92, 0x00, 0x01, 0x11, 0xD8, 0x5F, 0x00, 0x2F, 0xCF,
  0x2C, 0x01, 0x06, 0x00, 0x75, 0xAE, 0x07, 0x01, 0x00, 0x00, 0x00, 0x00, 0x01, 0x00, 0x00, 0x00,
  0x00, 0x00, 0x00, 0x00, 0x00, 0x00, 0x01, 0x00, 0x00, 0x00, 0x00, 0x00, 0x00, 0x00, 0x00, 0x00,
  0x00, 0x00, 0x00, 0x00, 0x00, 0x00, 0x00, 0x06, 0x06, 0x06, 0x06, 0x06, 0x00, 0x00, 0x00, 0x00,
  0x00, 0xB8, 0xB8, 0xB8, 0xB8, 0xB8, 0x5C, 0x5C, 0x5C, 0x5C, 0x5C, 0x00, 0x5E, 0x5A, 0x00, 0x01,
  0x00, 0x31, 0xCF, 0x25, 0x01, 0x00, 0x00, 0x31, 0x1A, 0x00, 0x00, 0x02, 0x00, 0x00, 0x00, 0x00,
  0x00, 0x03, 0x01, 0x00, 0x00, 0x00, 0x00, 0x00, 0x00, 0x00, 0x00, 0x00, 0x00, 0x00, 0x00, 0x00,
  0x00, 0x00, 0x00, 0x00, 0x00, 0x00, 0x00, 0x00, 0x00, 0x00, 0x00, 0x00, 0x00, 0x02, 0x4C, 0xBD,
  0xCC, 0xD2, 0xA9, 0x18, 0x00, 0x05, 0x87, 0x76, 0x0B, 0x27, 0xD8, 0x97, 0x00, 0x00, 0x00, 0x00,
  0x00, 0x00, 0x6E, 0xD3, 0x07, 0x01, 0x3E, 0xAE, 0xC2, 0xC5, 0xE5, 0xC2, 0x0F, 0x25, 0xED, 0x7E,
  0x25, 0x04, 0x77, 0xD5, 0x09, 0x29, 0xF1, 0x53, 0x01, 0x35, 0xC1, 0xC6, 0x0D, 0x03, 0x65, 0xD4,
  0xD3, 0xA2, 0x8B, 0xBD, 0x1A, 0x37, 0xED, 0x25, 0x00, 0x03, 0x00, 0x00, 0x00, 0x37, 0xED, 0x26,
  0x00, 0x02, 0x01, 0x01, 0x00, 0x37, 0xEC, 0x1E, 0x01, 0x06, 0x00, 0x00, 0x00, 0x3A, 0xE8, 0x7F,
  0xB4, 0xD3, 0xA4, 0x17, 0x00, 0x2F, 0xFF, 0xA6, 0x2C, 0x29, 0xC8, 0xAE, 0x06, 0x33, 0xF8, 0x2D,
  0x00, 0x00, 0x39, 0xED, 0x25, 0x38, 0xEC, 0x27, 0x03, 0x03, 0x2C, 0xE8, 0x35, 0x35, 0xF4, 0x25,
  0x00, 0x00, 0x39, 0xF0, 0x28, 0x2F, 0xFF, 0x90, 0x1C, 0x1D, 0xC0, 0xB3, 0x07, 0x40, 0xD9, 0x79,
  0xBC, 0xDC, 0xB5, 0x1C, 0x00, 0x00, 0x1A, 0xAC, 0xD6, 0xCF, 0xB0, 0x30, 0x08, 0xB7, 0xBD, 0x22,
  0x10, 0x85, 0x59, 0x2D, 0xF0, 0x2B, 0x00, 0x00, 0x00, 0x00, 0x3E, 0xE6, 0x22, 0x04, 0x05, 0x05,
  0x04, 0x2D, 0xF1, 0x2C, 0x00, 0x00, 0x00, 0x00, 0x08, 0xB8, 0xBD, 0x22, 0x0E, 0x83, 0x59, 0x00,
  0x1B, 0xAF, 0xD7, 0xCF, 0xB1, 0x31, 0x00, 0x00, 0x00, 0x03, 0x00, 0x25, 0xED, 0x37, 0x00, 0x01,
  0x01, 0x02, 0x00, 0x26, 0xED, 0x37, 0x00, 0x00, 0x00, 0x05, 0x01, 0x1E, 0xEC, 0x37, 0x00, 0x13,
  0x98, 0xCF, 0xB5, 0x7F, 0xE8, 0x39, 0x06, 0xAD, 0xC5, 0x29, 0x2C, 0xA6, 0xFF, 0x2F, 0x27, 0xF2,
  0x38, 0x00, 0x00, 0x2C, 0xF8, 0x33, 0x35, 0xE7, 0x2D, 0x03, 0x03, 0x27, 0xEC, 0x38, 0x24, 0xE9,
  0x39, 0x00, 0x00, 0x25, 0xF4, 0x35, 0x06, 0xAF, 0xBF, 0x1D, 0x1C, 0x90, 0xFF, 0x2F, 0x00, 0x1B,
  0xB6, 0xDC, 0xBC, 0x79, 0xDA, 0x40, 0x00, 0x4E, 0xC8, 0xD0, 0xD4, 0x5F, 0x00, 0x31, 0xE5, 0x62,
  0x07, 0x54, 0xE3, 0x3A, 0x90, 0xB5, 0x00, 0x03, 0x00, 0xAC, 0x9D, 0x9E, 0xE8, 0xC8, 0xCC, 0xCC,
  0xE1, 0x96, 0x90, 0xBE, 0x0A, 0x1E, 0x15, 0x0A, 0x0A, 0x36, 0xE5, 0x5C, 0x03, 0x2B, 0x93, 0x25,
  0x00, 0x55, 0xCC, 0xD0, 0xCE, 0x8A, 0x10, 0x02, 0x00, 0x61, 0xD5, 0xD0, 0x55, 0x00, 0x1B, 0xE4,
  0x54, 0x14, 0x13, 0x02, 0x41, 0xE5, 0x0A, 0x01, 0x00, 0x30, 0xD8, 0xF7, 0xCD, 0xCD, 0x33, 0x00,
  0x4C, 0xE8, 0x1E, 0x12, 0x05, 0x00, 0x3B, 0xE7, 0x0A, 0x00, 0x00, 0x00, 0x3E, 0xE7, 0x0D, 0x01,
  0x00, 0x00, 0x3D, 0xE7, 0x0C, 0x00, 0x00, 0x00, 0x3D, 0xE7, 0x0C, 0x00, 0x00, 0x00, 0x3D, 0xE7,
  0x0C, 0x00, 0x00, 0x00, 0x22, 0xBD, 0xDC, 0xBB, 0x7B, 0xDF, 0x3B, 0x08, 0xB9, 0xBE, 0x1E, 0x1E,
  0x96, 0xFF, 0x2F, 0x28, 0xEE, 0x36, 0x00, 0x00, 0x2A, 0xF8, 0x34, 0x34, 0xE6, 0x2D, 0x04, 0x03,
  0x28, 0xEC, 0x38, 0x23, 0xEA, 0x3D, 0x00, 0x00, 0x28, 0xF6, 0x34, 0x05, 0xA6, 0xCC, 0x2C, 0x25,
  0x9A, 0xFF, 0x2F, 0x00, 0x15, 0xA3, 0xD4, 0xB5, 0x83, 0xE7, 0x39, 0x00, 0x00, 0x00, 0x05, 0x00,
  0x2F, 0xF6, 0x2B, 0x00, 0x33, 0x44, 0x09, 0x23, 0xBF, 0xBE, 0x09, 0x00, 0x58, 0xC7, 0xC9, 0xD6,
  0xB2, 0x20, 0x00, 0x37, 0xED, 0x25, 0x00, 0x03, 0x00, 0x00, 0x00, 0x37, 0xED, 0x26, 0x00, 0x02,
  0x00, 0x01, 0x00, 0x37, 0xEC, 0x1D, 0x00, 0x07, 0x00, 0x00, 0x01, 0x39, 0xE9, 0x6F, 0xA7, 0xCF,
  0xBC, 0x2E, 0x00, 0x30, 0xFF, 0xB9, 0x3E, 0x1A, 0xA5, 0xC8, 0x0B, 0x31, 0xFB, 0x36, 0x00, 0x00,
  0x2B, 0xED, 0x2F, 0x37, 0xEE, 0x25, 0x02, 0x01, 0x27, 0xEB, 0x37, 0x37, 0xED, 0x26, 0x00, 0x00,
  0x25, 0xED, 0x37, 0x37, 0xED, 0x25, 0x00, 0x00, 0x25, 0xED, 0x37, 0x37, 0xED, 0x25, 0x00, 0x00,
  0x25, 0xED, 0x37, 0x2F, 0xFF, 0x46, 0x15, 0x68, 0x1B, 0x09, 0x92, 0x30, 0x13, 0xEE, 0x4C, 0x11,
  0xD9, 0x46, 0x11, 0xDC, 0x47, 0x11, 0xDC, 0x47, 0x11, 0xDC, 0x47, 0x11, 0xDC, 0x47, 0x00, 0x4E,
  0xFF, 0x38, 0x00, 0x21, 0x6B, 0x15, 0x00, 0x16, 0x9E, 0x25, 0x00, 0x29, 0xFF, 0x3B, 0x00, 0x25,
  0xEA, 0x36, 0x00, 0x25, 0xED, 0x37, 0x00, 0x25, 0xED, 0x37, 0x00, 0x26, 0xED, 0x37, 0x06, 0x24,
  0xEA, 0x37, 0x00, 0x30, 0xF1, 0x2C, 0x8E, 0xD1, 0xAA, 0x0A, 0x6A, 0x55, 0x0D, 0x00, 0x3E, 0xE7,
  0x1C, 0x00, 0x02, 0x00, 0x00, 0x3E, 0xE7, 0x1C, 0x00, 0x03, 0x00, 0x00, 0x3E, 0xE7, 0x1D, 0x01,
  0x00, 0x01, 0x01, 0x3E, 0xE7, 0x1E, 0x00, 0x75, 0xCB, 0x22, 0x3E, 0xE7, 0x0C, 0x69, 0xE7, 0x37,
  0x00, 0x40, 0xE2, 0x93, 0xEF, 0x2B, 0x00, 0x02, 0x36, 0xFC, 0xD7, 0xEA, 0x52, 0x00, 0x03, 0x39,
  0xFA, 0x27, 0x5E, 0xEC, 0x18, 0x00, 0x3F, 0xE5, 0x16, 0x00, 0xBA, 0xAC, 0x03, 0x3E, 0xE7, 0x1F,
  0x01, 0x27, 0xE7, 0x5A, 0x37, 0xED, 0x25, 0x00, 0x37, 0xED, 0x25, 0x00, 0x37, 0xED, 0x25, 0x00,
  0x37, 0xED, 0x25, 0x00, 0x37, 0xED, 0x25, 0x00, 0x37, 0xED, 0x25, 0x00, 0x37, 0xED, 0x26, 0x01,
  0x38, 0xEB, 0x22, 0x00, 0x33, 0xF5, 0x3C, 0x06, 0x0E, 0xAE, 0xE1, 0x60, 0x47, 0xD3, 0x70, 0xC0,
  0xE7, 0x79, 0x45, 0xB7, 0xDB, 0xAD, 0x14, 0x00, 0x31, 0xFF, 0x94, 0x1A, 0x50, 0xF4, 0xC1, 0x30,
  0x1E, 0xDC, 0x85, 0x00, 0x34, 0xF4, 0x2A, 0x00, 0x09, 0xE1, 0x74, 0x00, 0x00, 0x7E, 0xC3, 0x03,
  0x38, 0xEC, 0x26, 0x02, 0x0E, 0xD8, 0x6C, 0x02, 0x02, 0x7A, 0xCA, 0x05, 0x37, 0xED, 0x26, 0x00,
  0x0C, 0xD9, 0x6D, 0x00, 0x00, 0x7A, 0xCA, 0x05, 0x37, 0xED, 0x26, 0x00, 0x0C, 0xD9, 0x6D, 0x00,
  0x00, 0x7A, 0xCA, 0x05, 0x37, 0xED, 0x26, 0x00, 0x0C, 0xD9, 0x6D, 0x00, 0x00, 0x7A, 0xCA, 0x05,
  0x43, 0xD8, 0x6C, 0xB7, 0xDE, 0xBA, 0x19, 0x00, 0x30, 0xFE, 0xA4, 0x28, 0x1C, 0xD7, 0x8A, 0x00,
  0x32, 0xF9, 0x31, 0x00, 0x00, 0x76, 0xC9, 0x03, 0x38, 0xED, 0x25, 0x02, 0x02, 0x6E, 0xD5, 0x09,
  0x37, 0xED, 0x25, 0x00, 0x00, 0x6D, 0xD7, 0x09, 0x37, 0xED, 0x25, 0x00, 0x00, 0x6D, 0xD7, 0x09,
  0x37, 0xED, 0x25, 0x00, 0x00, 0x6D, 0xD7, 0x09, 0x00, 0x0F, 0x98, 0xD1, 0xD1, 0xC4, 0x44, 0x00,
  0x05, 0xA3, 0xCB, 0x2B, 0x0D, 0x7C, 0xE7, 0x2A, 0x25, 0xEF, 0x3C, 0x00, 0x02, 0x00, 0xC5, 0x8D,
  0x36, 0xE9, 0x2C, 0x04, 0x0B, 0x03, 0xA3, 0xB2, 0x25, 0xF0, 0x3B, 0x00, 0x02, 0x00, 0xC5, 0x8D,
  0x05, 0xA5, 0xCC, 0x2B, 0x0D, 0x7B, 0xE9, 0x2C, 0x00, 0x0F, 0x9B, 0xD2, 0xD1, 0xC5, 0x45, 0x00,
  0x3D, 0xD7, 0x78, 0xBD, 0xDA, 0xB9, 0x20, 0x00, 0x30, 0xFF, 0x94, 0x1F, 0x1A, 0xB9, 0xB5, 0x08,
  0x35, 0xF4, 0x25, 0x00, 0x00, 0x35, 0xEA, 0x26, 0x38, 0xEC, 0x27, 0x03, 0x03, 0x2C, 0xE8, 0x35,
  0x33, 0xF8, 0x2C, 0x00, 0x00, 0x3D, 0xF2, 0x25, 0x2F, 0xFF, 0xA6, 0x29, 0x2D, 0xCE, 0xA8, 0x05,
  0x39, 0xE8, 0x8B, 0xBA, 0xD1, 0x99, 0x11, 0x00, 0x37, 0xEC, 0x1E, 0x02, 0x05, 0x00, 0x00, 0x00,
  0x37, 0xED, 0x26, 0x00, 0x02, 0x01, 0x01, 0x00, 0x37, 0xED, 0x25, 0x00, 0x03, 0x00, 0x00, 0x00,
  0x00, 0x20, 0xB9, 0xDA, 0xBF, 0x7F, 0xDA, 0x3D, 0x07, 0xB4, 0xB7, 0x1A, 0x1F, 0x97, 0xFF, 0x2F,
  0x27, 0xEA, 0x34, 0x00, 0x00, 0x26, 0xF4, 0x34, 0x36, 0xE8, 0x2C, 0x03, 0x03, 0x27, 0xEC, 0x38,
  0x25, 0xF2, 0x3D, 0x00, 0x00, 0x2C, 0xF8, 0x33, 0x05, 0xAB, 0xCF, 0x2C, 0x2A, 0xA3, 0xFF, 0x2F,
  0x00, 0x13, 0x9C, 0xD2, 0xB4, 0x7E, 0xE8, 0x3A, 0x00, 0x00, 0x00, 0x05, 0x02, 0x1E, 0xEC, 0x37,
  0x00, 0x01, 0x01, 0x02, 0x00, 0x26, 0xED, 0x37, 0x00, 0x00, 0x00, 0x03, 0x00, 0x25, 0xED, 0x37,
  0x0B, 0x29, 0x00, 0x25, 0x43, 0x3A, 0xF0, 0x86, 0xBD, 0xAE, 0x25, 0xF8, 0xB9, 0x2B, 0x00, 0x27,
  0xFF, 0x4E, 0x00, 0x06, 0x2D, 0xF5, 0x35, 0x03, 0x04, 0x2D, 0xF4, 0x35, 0x00, 0x03, 0x2D, 0xF4,
  0x35, 0x00, 0x03, 0x2D, 0xF4, 0x35, 0x00, 0x03, 0x07, 0x83, 0xD8, 0xD5, 0x70, 0x03, 0x3C, 0xF3,
  0x20, 0x29, 0x61, 0x06, 0x21, 0xD8, 0x9D, 0x19, 0x00, 0x00, 0x00, 0x2B, 0xA6, 0xE2, 0x7C, 0x03,
  0x00, 0x00, 0x00, 0x38, 0xEF, 0x37, 0x29, 0x7A, 0x14, 0x41, 0xE8, 0x32, 0x18, 0xAA, 0xD4, 0xD4,
  0x6F, 0x03, 0x01, 0x23, 0xA2, 0x0E, 0x04, 0x01, 0x00, 0x33, 0xEB, 0x00, 0x00, 0x00, 0x2D, 0xCD,
  0xF5, 0xBE, 0xBE, 0x2E, 0x06, 0x64, 0xEB, 0x3B, 0x31, 0x0C, 0x00, 0x37, 0xE6, 0x04, 0x00, 0x00,
  0x00, 0x3D, 0xE7, 0x0F, 0x02, 0x01, 0x00, 0x3F, 0xE5, 0x06, 0x00, 0x00, 0x00, 0x22, 0xE7, 0x4B,
  0x07, 0x09, 0x02, 0x00, 0x71, 0xD9, 0xCE, 0x45, 0x37, 0xED, 0x25, 0x00, 0x00, 0x6D, 0xD7, 0x09,
  0x37, 0xED, 0x25, 0x00, 0x00, 0x6D, 0xD7, 0x09, 0x37, 0xED, 0x25, 0x00, 0x00, 0x6E, 0xD7, 0x09,
  0x37, 0xEC, 0x27, 0x01, 0x02, 0x6C, 0xD7, 0x09, 0x32, 0xEB, 0x28, 0x00, 0x00, 0x87, 0xD3, 0x0A,
  0x14, 0xDA, 0x87, 0x0A, 0x49, 0xE3, 0xBF, 0x10, 0x00, 0x4B, 0xD3, 0xD2, 0x8E, 0x7A, 0xC8, 0x19,
  0xB7, 0x98, 0x00, 0x02, 0x0D, 0xCF, 0x67, 0x54, 0xD5, 0x16, 0x00, 0x45, 0xE1, 0x1B, 0x10, 0xD6,
  0x52, 0x00, 0x9C, 0xA0, 0x00, 0x00, 0x8E, 0x9F, 0x0A, 0xD4, 0x4B, 0x00, 0x00, 0x3B, 0xCB, 0x68,
  0xC8, 0x0B, 0x02, 0x03, 0x04, 0xB9, 0xEB, 0x7A, 0x00, 0x04, 0x04, 0x00, 0x6F, 0xF2, 0x25, 0x00,
  0x01, 0xCC, 0x7F, 0x01, 0x37, 0xFD, 0x3B, 0x01, 0x7D, 0xD0, 0x90, 0xAB, 0x00, 0x64, 0xF3, 0x68,
  0x00, 0xA7, 0x95, 0x4D, 0xCD, 0x12, 0x98, 0x8C, 0x9A, 0x11, 0xCD, 0x51, 0x24, 0xCC, 0x49, 0xB7,
  0x14, 0xB7, 0x4B, 0xCC, 0x27, 0x07, 0xB5, 0xB5, 0x91, 0x00, 0x8E, 0xB5, 0xB7, 0x09, 0x00, 0x84,
  0xFF, 0x4D, 0x01, 0x4A, 0xFF, 0x88, 0x00, 0x00, 0x57, 0xEF, 0x13, 0x00, 0x11, 0xEF, 0x5C, 0x00,
  0x5F, 0xDF, 0x1C, 0x00, 0x92, 0xC2, 0x0A, 0x04, 0xB5, 0x8F, 0x28, 0xE8, 0x33, 0x00, 0x00, 0x21,
  0xD1, 0xDB, 0x77, 0x00, 0x02, 0x05, 0x00, 0xA0, 0xFF, 0x10, 0x03, 0x02, 0x00, 0x39, 0xCF, 0xBA,
  0x94, 0x00, 0x03, 0x0D, 0xCD, 0x70, 0x12, 0xE2, 0x4F, 0x00, 0x8B, 0xC9, 0x06, 0x00, 0x6B, 0xDD,
  0x19, 0xAE, 0xA8, 0x01, 0x00, 0x35, 0xF1, 0x30, 0x49, 0xDF, 0x1F, 0x00, 0x78, 0xC8, 0x08, 0x0B,
  0xD2, 0x5B, 0x00, 0xC7, 0x78, 0x00, 0x00, 0x84, 0xA7, 0x1B, 0xDD, 0x2F, 0x00, 0x00, 0x30, 0xCB,
  0x88, 0xB6, 0x00, 0x02, 0x03, 0x00, 0xB0, 0xF4, 0x68, 0x00, 0x04, 0x05, 0x04, 0x62, 0xEC, 0x1A,
  0x00, 0x01, 0x02, 0x00, 0x8C, 0xAE, 0x00, 0x01, 0x00, 0x0A, 0x4E, 0xE4, 0x36, 0x00, 0x01, 0x00,
  0xCA, 0xD2, 0x58, 0x00, 0x02, 0x00, 0x00, 0x2E, 0xD4, 0xD1, 0xD1, 0xDB, 0xFE, 0x2E, 0x02, 0x09,
  0x09, 0x00, 0xB2, 0x9B, 0x04, 0x00, 0x02, 0x00, 0x76, 0xCD, 0x0E, 0x02, 0x02, 0x00, 0x3C, 0xDF,
  0x2E, 0x00, 0x02, 0x01, 0x11, 0xCF, 0x61, 0x00, 0x02, 0x00, 0x05, 0x9D, 0x9B, 0x00, 0x0A, 0x09,
  0x02, 0x2F, 0xFC, 0xD7, 0xD1, 0xD1, 0xD4, 0x2E, 0x00, 0x08, 0x8C, 0xE0, 0x79, 0x00, 0x46, 0xF3,
  0x3F, 0x00, 0x00, 0x59, 0xE7, 0x15, 0x01, 0x01, 0x58, 0xE9, 0x1B, 0x00, 0x00, 0x53, 0xF1, 0x18,
  0x00, 0x13, 0xBD, 0x99, 0x06, 0x02, 0x13, 0xD5, 0x92, 0x04, 0x02, 0x00, 0x5A, 0xEF, 0x18, 0x00,
  0x01, 0x56, 0xE7, 0x1C, 0x04, 0x00, 0x58, 0xF4, 0x0C, 0x00, 0x00, 0x22, 0xD0, 0xC1, 0x5D, 0x00,
  0x00, 0x19, 0x53, 0x3A, 0x47, 0xDC, 0x11, 0x47, 0xDC, 0x11, 0x47, 0xDC, 0x11, 0x47, 0xDC, 0x11,
  0x47, 0xDC, 0x11, 0x47, 0xDC, 0x11, 0x47, 0xDC, 0x11, 0x47, 0xDC, 0x11, 0x47, 0xDC, 0x11, 0x47,
  0xDC, 0x11, 0x47, 0xDC, 0x11, 0x47, 0xDC, 0x11, 0x7B, 0xE0, 0x5A, 0x00, 0x03, 0x00, 0x82, 0xD5,
  0x0B, 0x00, 0x01, 0x53, 0xEA, 0x19, 0x00, 0x00, 0x59, 0xE7, 0x1B, 0x01, 0x00, 0x5B, 0xF5, 0x0C,
  0x00, 0x00, 0x26, 0xD4, 0x9A, 0x11, 0x00, 0x20, 0xCE, 0xBA, 0x11, 0x00, 0x5A, 0xF3, 0x16, 0x00,
  0x04, 0x59, 0xE7, 0x19, 0x01, 0x00, 0x54, 0xEB, 0x17, 0x00, 0x5F, 0xDC, 0x9A, 0x05, 0x02, 0x3A,
  0x4A, 0x0C, 0x00, 0x01, 0x04, 0x7A, 0xD9, 0xA4, 0x5E, 0x00, 0x30, 0xF5, 0x2B, 0x28, 0xFF, 0x57,
  0x1E, 0x87, 0x9A, 0xC8, 0xB2, 0x0B, 0x0E, 0x3C, 0x08, 0x00, 0x00, 0x34, 0x40, 0x07, 0x00, 0x00,
  0x00, 0x00, 0x02, 0x01, 0x00, 0x00, 0x00, 0x01, 0x00, 0x02, 0x00, 0x00, 0x00, 0x02, 0x02, 0x01,
  0x00, 0x00, 0x47, 0xC9, 0xE1, 0xE3, 0x80, 0x07, 0x02, 0x31, 0xCF, 0x69, 0x28, 0x60, 0xF4, 0x6B,
  0x00, 0x8E, 0xE4, 0x32, 0x00, 0x00, 0x8D, 0xC3, 0x04, 0x20, 0xB0, 0xCB, 0x11, 0x04, 0x6F, 0xD3,
  0x08, 0x1E, 0xD5, 0x46, 0x01, 0x00, 0x6F, 0xD4, 0x08, 0x3B, 0xEE, 0x1E, 0x00, 0x00, 0x6E, 0xD4,
  0x08, 0x38, 0xEB, 0x24, 0x00, 0x00, 0x6E, 0xD4, 0x08, 0x38, 0xEB, 0x23, 0x00, 0x00, 0x6E, 0xD4,
  0x08, 0x38, 0xEB, 0x23, 0x00, 0x00, 0x6E, 0xD4, 0x08, 0x01, 0x4A, 0xDF, 0xEE, 0xBC, 0x1B, 0x27,
  0xF0, 0x32, 0x1B, 0xD6, 0xEC, 0xCA, 0xDD, 0x9E, 0x18, 0xF3, 0x32, 0x33, 0xEB, 0x91, 0xE2, 0xB5,
  0xA8, 0x17, 0xF4, 0x32, 0x14, 0xBD, 0xEB, 0xB2, 0xDD, 0x68, 0x1E, 0xF3, 0x32, 0x00, 0x17, 0x39,
  0x51, 0xE6, 0x13, 0x28, 0xF0, 0x32, 0x00, 0x00, 0x00, 0x62, 0xE8, 0x01, 0x2E, 0xEF, 0x32, 0x00,
  0x04, 0x01, 0x67, 0xE6, 0x00, 0x25, 0xED, 0x33, 0x00, 0x02, 0x00, 0x46, 0xF3, 0x47, 0x6C, 0xEE,
  0x24, 0x00, 0x00, 0x01, 0x06, 0x91, 0xE4, 0xE4, 0x6D, 0x03, 0x00, 0x0F, 0x46, 0x31, 0x48, 0x00,
  0x0F, 0x36, 0x04, 0x07, 0x96, 0xAD, 0x86, 0xDC, 0x49, 0x40, 0xEC, 0x11, 0x2C, 0xF4, 0xD4, 0x3B,
  0x87, 0xA1, 0x3B, 0xD9, 0x10, 0x46, 0xE2, 0xBB, 0xB6, 0xB7, 0x68, 0x39, 0xDE, 0x10, 0x22, 0xCD,
  0xDF, 0xDB, 0xD7, 0x0E, 0x3D, 0xDE, 0x10, 0x00, 0x32, 0x59, 0xAE, 0x9F, 0x00, 0x4C, 0xDB, 0x10,
  0x01, 0x00, 0x00, 0xB4, 0x84, 0x00, 0x42, 0xDD, 0x10, 0x00, 0x03, 0x02, 0x94, 0xC1, 0x1F, 0x8B,
  0xC8, 0x06, 0x00, 0x01, 0x00, 0x21, 0xC0, 0xDB, 0xD3, 0x45, 0x00, 0x00, 0x0E, 0x8A, 0xE0, 0xE6,
  0xDB, 0x99, 0x15, 0x00, 0x06, 0xA4, 0xE5, 0x59, 0x14, 0x41, 0xD8, 0xB9, 0x09, 0x25, 0xFF, 0x46,
  0x18, 0x95, 0x41, 0x31, 0xFE, 0x2A, 0x30, 0xE8, 0x3C, 0xAA, 0xC5, 0xD8, 0x4F, 0xE8, 0x35, 0x1F,
  0xBD, 0xAD, 0xD5, 0x79, 0xE5, 0x5E, 0xE7, 0x35, 0x06, 0x90, 0xFF, 0x82, 0xCB, 0x87, 0x28, 0xF0,
  0x33, 0x00, 0x6A, 0xF7, 0x14, 0x00, 0x00, 0x2B, 0xEF, 0x32, 0x00, 0x60, 0xE2, 0x14, 0x02, 0x03,
  0x2C, 0xEF, 0x32, 0x00, 0x63, 0xE0, 0x10, 0x01, 0x00, 0x2C, 0xEF, 0x32, 0x00, 0x1B, 0xB3, 0x99,
  0x24, 0xA5, 0xC1, 0x25, 0x00, 0x07, 0xB3, 0xB1, 0x8F, 0xDD, 0x99, 0xAE, 0xBC, 0x09, 0x28, 0xEA,
  0x35, 0x00, 0x2E, 0x00, 0x2F, 0xEB, 0x2B, 0x2E, 0xED, 0x2A, 0x53, 0xB2, 0x7E, 0x30, 0xED, 0x33,
  0x1C, 0xD1, 0x9A, 0xC6, 0xC9, 0xED, 0x5A, 0xE8, 0x35, 0x05, 0x98, 0xFF, 0x79, 0xC2, 0x95, 0x34,
  0xEE, 0x33, 0x00, 0x6A, 0xF6, 0x14, 0x00, 0x00, 0x2A, 0xEF, 0x32, 0x00, 0x60, 0xE1, 0x13, 0x02,
  0x03, 0x2C, 0xEF, 0x32, 0x00, 0x63, 0xE0, 0x10, 0x01, 0x00, 0x2C, 0xEF, 0x32, 0x00, 0x16, 0x47,
  0x30, 0x46, 0x00, 0x02, 0x36, 0x12, 0x0B, 0x8F, 0xA6, 0x8A, 0xDA, 0x53, 0x06, 0xEC, 0x4D, 0x2E,
  0xED, 0xCB, 0x35, 0x87, 0xAC, 0x05, 0xD9, 0x47, 0x45, 0xE5, 0xBC, 0xB3, 0xB5, 0x71, 0x02, 0xDE,
  0x48, 0x22, 0xCD, 0xDD, 0xDC, 0xCB, 0x10, 0x0A, 0xDE, 0x48, 0x00, 0x30, 0x5A, 0xBD, 0x9C, 0x00,
  0x09, 0xDC, 0x48, 0x02, 0x01, 0x90, 0xDE, 0xEE, 0xB9, 0x53, 0xDB, 0x49, 0x00, 0x2E, 0xE9, 0x7A,
  0xEC, 0x8E, 0xC3, 0xF6, 0x40, 0x02, 0x08, 0x91, 0xE7, 0xAD, 0x00, 0x30, 0xFC, 0x40, 0x02, 0x00,
  0x4F, 0xF0, 0xA4, 0x0D, 0x04, 0x00, 0xC7, 0x98, 0x90, 0x4C, 0x03, 0x00, 0x98, 0xDA, 0xCA, 0x45,
  0x01, 0x00, 0x12, 0x72, 0xF8, 0x42, 0x77, 0x88, 0x00, 0x06, 0xD9, 0x49, 0x27, 0xDA, 0x66, 0x00,
  0xDE, 0x47, 0x00, 0x32, 0xE1, 0x63, 0xD1, 0x4A, 0x02, 0x00, 0x44, 0xE5, 0xEF, 0x42, 0x00, 0x05,
  0x00, 0x59, 0xFF, 0x3D, 0x02, 0x72, 0xD9, 0xDF, 0xD6, 0x91, 0x10, 0x00, 0x9E, 0xFF, 0x85, 0x2E,
  0x4A, 0xE1, 0x92, 0x01, 0x79, 0x53, 0x00, 0x00, 0x00, 0x6D, 0xD4, 0x07, 0x00, 0x74, 0xBE, 0x3D,
  0x03, 0x6F, 0xD3, 0x08, 0x2E, 0xFF, 0xB9, 0x97, 0x01, 0x6C, 0xD4, 0x08, 0x0F, 0x98, 0xC7, 0xDA,
  0x00, 0x6D, 0xD3, 0x08, 0x00, 0x00, 0x01, 0xCD, 0x02, 0x61, 0xD6, 0x08, 0x00, 0x06, 0x01, 0xAE,
  0x6C, 0x97, 0xC6, 0x05, 0x00, 0x02, 0x01, 0x3F, 0xDA, 0xEB, 0x55, 0x00, 0x00, 0x19, 0xA0, 0xD7,
  0xDF, 0xD9, 0x84, 0x09, 0x01, 0x13, 0xE5, 0xD6, 0x4F, 0x2B, 0x57, 0xE7, 0x82, 0x00, 0x16, 0x7B,
  0x04, 0x00, 0x01, 0x00, 0x7E, 0xCE, 0x04, 0x03, 0x63, 0xBC, 0x74, 0x0A, 0x05, 0x7C, 0xCF, 0x06,
  0x2B, 0xFD, 0xD3, 0xF0, 0x1F, 0x00, 0x7E, 0xCC, 0x05, 0x11, 0x9F, 0xF5, 0x9B, 0x00, 0x22, 0xCE,
  0x74, 0x00, 0x00, 0x08, 0xDD, 0x65, 0x77, 0xD4, 0xD6, 0x80, 0x10, 0x00, 0x21, 0xD4, 0xE8, 0xB0,
  0xEC, 0xA2, 0xF4, 0x2F, 0x00, 0x1D, 0xD8, 0xC9, 0x04, 0x7E, 0xF7, 0x9E, 0x0A, 0x00, 0x04, 0x33,
  0x3E, 0x0E, 0x00, 0x06, 0x95, 0x27, 0x0A, 0x91, 0xFF, 0xEF, 0xB0, 0x1B, 0x88, 0xC9, 0x16, 0x3A,
  0xE7, 0xC1, 0xC2, 0xD9, 0x5D, 0xEC, 0x7F, 0x00, 0x39, 0xE2, 0xCB, 0xCD, 0xCB, 0x24, 0x52, 0xD2,
  0x0D, 0x05, 0x6C, 0x95, 0x98, 0xBB, 0x00, 0x41, 0xE0, 0x10, 0x00, 0x00, 0x00, 0xA7, 0x92, 0x02,
  0x4E, 0xDB, 0x10, 0x00, 0x03, 0x04, 0xB9, 0x85, 0x00, 0x42, 0xDD, 0x10, 0x00, 0x01, 0x00, 0x97,
  0xC0, 0x1F, 0x8B, 0xC6, 0x06, 0x00, 0x01, 0x00, 0x23, 0xC1, 0xDB, 0xD1, 0x43, 0x00, 0x00, 0x0C,
  0x3D, 0x2C, 0x40, 0x00, 0x04, 0x96, 0x27, 0x05, 0x8C, 0xA8, 0x83, 0xD4, 0x53, 0x74, 0xB5, 0x14,
  0x2A, 0xF3, 0xD7, 0x3B, 0x82, 0xB3, 0xDB, 0x8B, 0x00, 0x46, 0xE2, 0xBC, 0xB5, 0xB5, 0x6D, 0x4C,
  0xDA, 0x0E, 0x22, 0xCD, 0xDF, 0xDA, 0xD9, 0x0F, 0x39, 0xDF, 0x10, 0x00, 0x32, 0x59, 0xAF, 0xA1,
  0x00, 0x4C, 0xDB, 0x10, 0x01, 0x00, 0x00, 0xB4, 0x84, 0x00, 0x42, 0xDC, 0x10, 0x00, 0x03, 0x02,
  0x94, 0xC1, 0x1F, 0x8B, 0xC5, 0x05, 0x00, 0x01, 0x00, 0x20, 0xBE, 0xDC, 0xD1, 0x43, 0x00, 0x00,
  0x48, 0xD3, 0xE3, 0xD8, 0x7C, 0x05, 0x00, 0x1F, 0xE7, 0x3C, 0x39, 0xF8, 0x93, 0x2D, 0x4F, 0xED,
  0x60, 0x00, 0x1F, 0xE7, 0x3C, 0x78, 0xF5, 0x88, 0x12, 0x00, 0x96, 0xB4, 0x00, 0x1C, 0xE8, 0x3C,
  0x15, 0xAD, 0xC8, 0x18, 0x05, 0x8C, 0xC1, 0x01, 0x1C, 0xE8, 0x3C, 0x29, 0xD7, 0x1E, 0x00, 0x00,
  0x81, 0xBC, 0x00, 0x1F, 0xE8, 0x3C, 0x3C, 0xF2, 0x59, 0x09, 0x0E, 0xB4, 0xD4, 0x0E, 0x0E, 0xE8,
  0x3C, 0x36, 0xFA, 0xE7, 0x97, 0xAA, 0xD2, 0xEC, 0xC9, 0x66, 0xE6, 0x3E, 0x3A, 0xED, 0xA5, 0xF4,
  0xF8, 0x79, 0xCD, 0xBD, 0xCE, 0xF8, 0x36, 0x0D, 0xA8, 0xF5, 0x6B, 0x6F, 0xEC, 0xC6, 0x0A, 0x3F,
  0xFF, 0x35, 0x01, 0x74, 0xD1, 0xD5, 0xCD, 0x40, 0x00, 0x00, 0x1D, 0xE7, 0x3C, 0x62, 0xD7, 0x3A,
  0x1F, 0x8F, 0xE1, 0x1C, 0x00, 0x1F, 0xE7, 0x3C, 0x70, 0xCB, 0x61, 0x00, 0x0F, 0xEC, 0x4A, 0x00,
  0x20, 0xE7, 0x3C, 0x0E, 0xC0, 0x74, 0x04, 0x16, 0xE1, 0x50, 0x00, 0x21, 0xE7, 0x3C, 0x3B, 0xE4,
  0x0C, 0x00, 0x16, 0xE3, 0x51, 0x01, 0x22, 0xE7, 0x3C, 0x36, 0xF7, 0xC8, 0x4F, 0x0F, 0xE3, 0x48,
  0x00, 0x1C, 0xE4, 0x3D, 0x45, 0xB5, 0x9A, 0xE7, 0x09, 0xDE, 0x75, 0x00, 0x38, 0xF5, 0x35, 0x1F,
  0xA9, 0xDF, 0xA5, 0x00, 0x65, 0xDC, 0xBA, 0xD7, 0x9B, 0x0B, 0x00, 0x20, 0x44, 0x0A, 0x00, 0x00,
  0x33, 0x49, 0x3B, 0x10, 0x02, 0x01, 0x00, 0x00, 0x00, 0x06, 0x8F, 0xE1, 0x72, 0x08, 0xE4, 0x33,
  0x00, 0x02, 0x05, 0x01, 0x0A, 0xCA, 0xF5, 0xA1, 0x96, 0xD2, 0x0F, 0x00, 0x00, 0x00, 0x02, 0x00,
  0x41, 0xD4, 0xDF, 0xD1, 0x37, 0x00, 0x01, 0x00, 0x49, 0xCD, 0xDD, 0xE2, 0x96, 0x0D, 0x01, 0x00,
  0x33, 0xDC, 0x5E, 0x1E, 0x46, 0xE2, 0x87, 0x00, 0x00, 0x65, 0xE4, 0x7F, 0x20, 0x00, 0x60, 0xD3,
  0x09, 0x01, 0x0B, 0x5D, 0xD6, 0x1F, 0x03, 0x46, 0xDC, 0x11, 0x02, 0x00, 0x51, 0x70, 0x00, 0x00,
  0x46, 0xDC, 0x10, 0x01, 0x5B, 0xC4, 0x8C, 0x00, 0x00, 0x45, 0xDC, 0x10, 0x35, 0xE2, 0xD3, 0xBA,
  0x00, 0x00, 0x45, 0xDC, 0x10, 0x34, 0xE2, 0xDE, 0x9E, 0x03, 0x02, 0x45, 0xDC, 0x10, 0x00, 0x58,
  0x8D, 0x1C, 0x00, 0x00, 0x47, 0xDC, 0x10, 0x00, 0x00, 0x00, 0x00, 0x65, 0x2A, 0x3C, 0xDD, 0x10,
  0x00, 0x1D, 0xB6, 0xD6, 0xEF, 0x3C, 0x31, 0xDF, 0x10, 0x00, 0x7F, 0xD1, 0x5A, 0xDE, 0xB0, 0x9F,
  0xD0, 0x12, 0x00, 0x5B, 0xE6, 0xC9, 0x64, 0x20, 0xE0, 0xD8, 0x14, 0x01, 0x05, 0x4F, 0x5B, 0x08,
  0x00, 0x24, 0x56, 0x06, 0x01, 0x00, 0x25, 0xAC, 0xD8, 0xE8, 0xA1, 0x0F, 0x01, 0x02, 0x0B, 0x9A,
  0x5D, 0x1E, 0x46, 0xE1, 0x8C, 0x00, 0x00, 0x20, 0xB4, 0x85, 0x1E, 0x00, 0x60, 0xD3, 0x09, 0x03,
  0x07, 0x8D, 0xDC, 0x1D, 0x03, 0x46, 0xDC, 0x11, 0x04, 0x00, 0xB5, 0x7C, 0x00, 0x00, 0x46, 0xDC,
  0x10, 0x04, 0x63, 0xE4, 0x90, 0x00, 0x00, 0x45, 0xDC, 0x10, 0x37, 0xE6, 0xCF, 0xBA, 0x00, 0x00,
  0x45, 0xDC, 0x10, 0x34, 0xE1, 0xE3, 0xA2, 0x02, 0x00, 0x45, 0xDC, 0x10, 0x00, 0x59, 0x8D, 0x0F,
  0x00, 0x01, 0x46, 0xDC, 0x10, 0x00, 0x00, 0x00, 0x66, 0x64, 0x00, 0x46, 0xDC, 0x10, 0x08, 0x99,
  0xDE, 0xEA, 0x3E, 0x22, 0x50, 0xDA, 0x10, 0x3F, 0xF1, 0x57, 0xFB, 0xA1, 0xB8, 0xCB, 0xCB, 0x13,
  0x27, 0xDB, 0xC2, 0x9B, 0xAC, 0x6C, 0xC2, 0xDC, 0x14, 0x00, 0x35, 0x66, 0x0C, 0x0E, 0x03, 0x1F,
  0x57, 0x06, 0x00, 0x09, 0x38, 0x47, 0x4B, 0x4E, 0x46, 0x09, 0x12, 0xAF, 0xE3, 0xB7, 0xB2, 0xBF,
  0x9C, 0x13, 0x4C, 0xFF, 0xE4, 0xB7, 0x86, 0x2D, 0x00, 0x00, 0x0A, 0x28, 0x60, 0x87, 0xC2, 0xE8,
  0x66, 0x01, 0x0B, 0xAC, 0xDF, 0x3D, 0x00, 0x96, 0xCF, 0x08, 0x34, 0xFF, 0x58, 0x6D, 0x00, 0x67,
  0xD4, 0x08, 0x1C, 0xD5, 0xCD, 0x87, 0x00, 0x6B, 0xD4, 0x08, 0x02, 0x11, 0xD1, 0xB6, 0x00, 0x77,
  0xD2, 0x06, 0x05, 0x00, 0x69, 0xF4, 0xA5, 0xE6, 0x7B, 0x00, 0x01, 0x02, 0x00, 0x49, 0x81, 0x45,
  0x00, 0x00, 0x00, 0x00, 0x4D, 0x34, 0x13, 0xAB, 0x57, 0x00, 0x12, 0x32, 0xB8, 0x52, 0x62, 0xE4,
  0xBE, 0x0B, 0xB4, 0xD3, 0xF4, 0x51, 0x4A, 0xE3, 0xBB, 0x0E, 0xDF, 0xCD, 0x88, 0xC0, 0x87, 0xC9,
  0xCF, 0x0C, 0x2F, 0x60, 0x08, 0x26, 0x26, 0x40, 0x4D, 0x04, 0x00, 0x50, 0xA7, 0x69, 0xD5, 0x3D,
  0x21, 0xE7, 0xBB, 0x12, 0x13, 0xD1, 0xCF, 0x6C, 0x9E, 0xAF, 0x9D, 0x90, 0xE3, 0x3E, 0x37, 0xF2,
  0xE6, 0x7F, 0x6D, 0xD7, 0xBF, 0x20, 0xDE, 0x43, 0x3B, 0xDC, 0xA4, 0xE0, 0xB8, 0xD1, 0x7F, 0x14,
  0xE3, 0x42, 0x0B, 0xA4, 0xE3, 0xB9, 0xC1, 0xC1, 0x47, 0x0D, 0xE4, 0x42, 0x00, 0x05, 0x12, 0x88,
  0xC9, 0x9C, 0x1D, 0x0E, 0xE4, 0x42, 0x00, 0x01, 0x00, 0x8D, 0xF2, 0x71, 0x03, 0x16, 0xE3, 0x42,
  0x00, 0x01, 0x01, 0x88, 0xFF, 0x4C, 0x00, 0x1A, 0xE3, 0x42, 0x00, 0x01, 0x00, 0x94, 0xDE, 0x1C,
  0x00, 0x18, 0xE3, 0x42, 0x00, 0x01, 0x4E, 0x2B, 0x00, 0x45, 0x2B, 0x00, 0x00, 0x09, 0x39, 0x0E,
  0x00, 0x78, 0xD1, 0x9D, 0x98, 0xBB, 0xCB, 0x25, 0x00, 0x27, 0xFA, 0x3C, 0x1E, 0xE5, 0x3B, 0x1A,
  0x6B, 0x09, 0xBA, 0x8B, 0x00, 0x24, 0xE7, 0x37, 0x37, 0xE8, 0x36, 0x9D, 0xD4, 0x71, 0xA4, 0xAE,
  0x00, 0x23, 0xEB, 0x38, 0x28, 0xE7, 0x7D, 0xDB, 0x9F, 0xCB, 0xBF, 0xA7, 0x00, 0x25, 0xEB, 0x38,
  0x09, 0xD0, 0x82, 0x53, 0xEE, 0x6D, 0xAA, 0xB6, 0x00, 0x19, 0xEB, 0x38, 0x00, 0x8A, 0xC5, 0xAA,
  0xA5, 0x7E, 0xC8, 0xE6, 0x91, 0x51, 0xEB, 0x39, 0x00, 0x5F, 0xFF, 0x88, 0x28, 0xFF, 0x5F, 0xD8,
  0xBA, 0xC4, 0xF8, 0x31, 0x00, 0x67, 0xEF, 0x0B, 0x07, 0x9E, 0xED, 0xBE, 0x07, 0x45, 0xFF, 0x31,
  0x00, 0x52, 0xD0, 0xE2, 0xD5, 0x52, 0x01, 0x00, 0x06, 0xD1, 0x6D, 0x00, 0x40, 0xD5, 0x5A, 0x29,
  0x89, 0xEA, 0x2D, 0x00, 0x09, 0xD1, 0x6D, 0x00, 0x7F, 0xD0, 0x44, 0x00, 0x05, 0xE6, 0x64, 0x00,
  0x0B, 0xD1, 0x6D, 0x00, 0x16, 0xC1, 0x9D, 0x03, 0x0C, 0xD5, 0x6E, 0x00, 0x0C, 0xD1, 0x6F, 0x00,
  0x29, 0xD8, 0x1F, 0x00, 0x0C, 0xD6, 0x71, 0x03, 0x07, 0xD1, 0x63, 0x01, 0x37, 0xF9, 0x66, 0x13,
  0x07, 0xD7, 0x68, 0x00, 0x55, 0xF3, 0x45, 0x00, 0x37, 0xE1, 0xDE, 0xB0, 0x09, 0xD2, 0x82, 0x79,
  0xF8, 0xDC, 0xB0, 0x16, 0x3E, 0xAC, 0x7F, 0xF5, 0x14, 0xBC, 0xF0, 0xB3, 0xE8, 0xAB, 0xF0, 0x35,
  0x0B, 0x95, 0xF2, 0x78, 0x08, 0xC6, 0xC7, 0x07, 0x74, 0xF7, 0x92, 0x06, 0x00, 0x0D, 0x8E, 0xDF,
  0xE9, 0xDE, 0x70, 0x05, 0x02, 0x06, 0xA3, 0xDF, 0x45, 0x11, 0x62, 0xFA, 0x5F, 0x00, 0x26, 0xF7,
  0x39, 0x38, 0x91, 0x37, 0x94, 0xBE, 0x02, 0x30, 0xE4, 0x55, 0xD6, 0xD1, 0xC9, 0xA4, 0xC8, 0x09,
  0x17, 0xDC, 0x81, 0xB5, 0x99, 0xC2, 0x9F, 0xC9, 0x08, 0x00, 0xB1, 0x97, 0x2F, 0xF8, 0x53, 0x6F,
  0xD2, 0x06, 0x00, 0x70, 0xDE, 0xB1, 0x7A, 0x00, 0x7E, 0xCF, 0x06, 0x00, 0x54, 0xFF, 0x8B, 0x00,
  0x02, 0x7D, 0xCF, 0x06, 0x00, 0x5D, 0xF6, 0x18, 0x01, 0x00, 0x7D, 0xCF, 0x06, 0x00, 0x10, 0x91,
  0x67, 0x0B, 0x6A, 0x97, 0x13, 0x00, 0x06, 0xA5, 0xC8, 0x9C, 0xC6, 0xAB, 0xBB, 0xA9, 0x09, 0x25,
  0xEC, 0x34, 0x00, 0x5F, 0x05, 0x29, 0xEB, 0x28, 0x31, 0xEA, 0x37, 0x93, 0xD5, 0x9A, 0x36, 0xEC,
  0x34, 0x1E, 0xDF, 0x85, 0xDC, 0x8F, 0xE6, 0x60, 0xE7, 0x35, 0x02, 0xB9, 0x98, 0x55, 0xE3, 0x97,
  0x27, 0xF1, 0x33, 0x00, 0x75, 0xD0, 0x85, 0xA6, 0x02, 0x27, 0xF0, 0x32, 0x00, 0x56, 0xFF, 0x9A,
  0x06, 0x00, 0x2D, 0xEF, 0x32, 0x00, 0x5C, 0xF5, 0x19, 0x00, 0x00, 0x2C, 0xEF, 0x32, 0x00, 0x4D,
  0xCB, 0xE1, 0xE3, 0x81, 0x07, 0x02, 0x3E, 0xD5, 0x62, 0x28, 0x5F, 0xF4, 0x6B, 0x00, 0x7E, 0xD0,
  0x41, 0x00, 0x00, 0x8D, 0xC3, 0x04, 0x15, 0xBE, 0x9B, 0x06, 0x04, 0x6E, 0xD4, 0x08, 0x28, 0xD6,
  0x1E, 0x00, 0x00, 0x6E, 0xD4, 0x08, 0x37, 0xF9, 0x65, 0x15, 0x00, 0x6E, 0xD4, 0x08, 0x37, 0xE1,
  0xDE, 0xBA, 0x00, 0x6D, 0xD4, 0x08, 0x3E, 0xAC, 0x7D, 0xFE, 0x00, 0x6B, 0xD4, 0x08, 0x0B, 0x95,
  0xF1, 0x81, 0x00, 0x6E, 0xD4, 0x08, 0x0A, 0xAA, 0xEA, 0x51, 0x01, 0x38, 0xE6, 0xB9, 0x0F, 0x40,
  0xEF, 0x5F, 0xA8, 0x00, 0xAF, 0x7C, 0xE3, 0x41, 0x27, 0xE3, 0xB7, 0xAE, 0x14, 0xB7, 0x14, 0xD6,
  0x49, 0x00, 0x33, 0xC4, 0xB1, 0x59, 0x89, 0x0B, 0xDD, 0x48, 0x02, 0x00, 0x72, 0xBB, 0x91, 0x50,
  0x00, 0xDF, 0x48, 0x02, 0x02, 0x70, 0xE9, 0x94, 0x1A, 0x08, 0xDE, 0x48, 0x02, 0x00, 0x66, 0xFF,
  0x85, 0x00, 0x11, 0xDC, 0x48, 0x02, 0x00, 0x69, 0xFB, 0x54, 0x01, 0x14, 0xDC, 0x48, 0x02, 0x00,
  0x72, 0xDE, 0x16, 0x00, 0x11, 0xDC, 0x48, 0x00, 0x10, 0x48, 0x38, 0x00, 0x08, 0x25, 0x18, 0xBE,
  0xC8, 0xB5, 0xA4, 0xCE, 0x80, 0x81, 0xFB, 0x3E, 0x21, 0x4D, 0x58, 0x10, 0x50, 0x93, 0xBB, 0xC0,
  0xA2, 0x45, 0x01, 0x16, 0x60, 0x06, 0x1B, 0x76, 0xFC, 0x30, 0x46, 0xFD, 0x23, 0x00, 0x12, 0xE5,
  0x40, 0x3F, 0xDD, 0x12, 0x00, 0x15, 0xE2, 0x40, 0x33, 0xF3, 0x58, 0x17, 0x58, 0xF3, 0x32, 0x06,
  0x77, 0xD8, 0xD3, 0xD7, 0x75, 0x06, 0x0A, 0xAA, 0xEB, 0x55, 0x00, 0x00, 0x45, 0xDC, 0x10, 0x40,
  0xEF, 0x60, 0xA8, 0x00, 0x00, 0x45, 0xDC, 0x10, 0x27, 0xE3, 0xB7, 0xB3, 0x00, 0x00, 0x45, 0xDC,
  0x10, 0x00, 0x33, 0xC0, 0xC6, 0x00, 0x02, 0x44, 0xDD, 0x11, 0x02, 0x00, 0x70, 0xC6, 0x03, 0x00,
  0x4B, 0xD4, 0x0F, 0x02, 0x02, 0x78, 0xC6, 0x00, 0x16, 0xC2, 0xBA, 0x00, 0x02, 0x00, 0x78, 0xC7,
  0x47, 0xD1, 0xC8, 0xA9, 0x50, 0x02, 0x00, 0x6A, 0xF2, 0x9D, 0xD5, 0x96, 0xAF, 0xAD, 0x02, 0x00,
  0x6D, 0xEF, 0x29, 0x36, 0xE7, 0xD7, 0x33, 0x0A, 0xAA, 0xEA, 0x52, 0x00, 0x00, 0x0F, 0xDC, 0x48,
  0x40, 0xEF, 0x60, 0xA7, 0x00, 0x00, 0x0F, 0xDC, 0x48, 0x27, 0xE3, 0xB7, 0xB4, 0x00, 0x00, 0x0F,
  0xDC, 0x48, 0x00, 0x33, 0xC0, 0xC6, 0x00, 0x00, 0x0F, 0xDC, 0x48, 0x02, 0x00, 0x70, 0xC6, 0x00,
  0x00, 0x0F, 0xDC, 0x48, 0x02, 0x02, 0x78, 0xC7, 0x04, 0x02, 0x12, 0xDC, 0x48, 0x02, 0x00, 0x7B,
  0xC2, 0x00, 0x00, 0x04, 0xDC, 0x49, 0x01, 0x00, 0x51, 0xF1, 0x5B, 0x25, 0x72, 0xEE, 0x2E, 0x00,
  0x00, 0x06, 0x84, 0xDF, 0xDF, 0xD8, 0x61, 0x03, 0x00, 0x00, 0x00, 0x00, 0x02, 0x00, 0x0F, 0xDC,
  0x48, 0x00, 0x02, 0x03, 0x01, 0x02, 0x00, 0x0F, 0xDC, 0x48, 0x00, 0x00, 0x00, 0x00, 0x02, 0x00,
  0x0F, 0xDC, 0x48, 0x03, 0x82, 0xC9, 0x38, 0x00, 0x00, 0x0F, 0xDC, 0x48, 0x3A, 0xF0, 0x7F, 0xA1,
  0x00, 0x00, 0x0F, 0xDC, 0x48, 0x30, 0xEC, 0x99, 0xB1, 0x00, 0x00, 0x0F, 0xDC, 0x48, 0x02, 0x4C,
  0xD1, 0xC5, 0x00, 0x00, 0x0F, 0xDC, 0x48, 0x01, 0x00, 0x70, 0xC6, 0x00, 0x00, 0x0F, 0xDC, 0x48,
  0x02, 0x03, 0x78, 0xC7, 0x04, 0x02, 0x12, 0xDC, 0x48, 0x02, 0x00, 0x7C, 0xC1, 0x00, 0x00, 0x04,
  0xDB, 0x49, 0x02, 0x00, 0x58, 0xF1, 0x57, 0x22, 0x69, 0xF0, 0x31, 0x00, 0x00, 0x08, 0x89, 0xDE,
  0xDC, 0xDA, 0x69, 0x04, 0x09, 0x92, 0xF5, 0x84, 0x06, 0x00, 0x7D, 0xCF, 0x06, 0x3A, 0xAB, 0x64,
  0xFF, 0x1D, 0x00, 0x7E, 0xCF, 0x06, 0x33, 0xD6, 0xC0, 0xD7, 0x13, 0x00, 0x7D, 0xCF, 0x06, 0x2E,
  0xFF, 0x8F, 0x20, 0x00, 0x00, 0x7D, 0xCF, 0x06, 0x32, 0xEE, 0x1C, 0x00, 0x50, 0x00, 0x7E, 0xCF,
  0x06, 0x33, 0xF0, 0x22, 0x9C, 0xFB, 0x4E, 0x6D, 0xD2, 0x06, 0x35, 0xE5, 0x9F, 0xC4, 0x56, 0xB8,
  0xA9, 0xC8, 0x09, 0x2D, 0xF9, 0xED, 0x41, 0x00, 0x6C, 0xFF, 0xB3, 0x0C, 0x29, 0xFF, 0x76, 0x00,
  0x04, 0x0B, 0xC6, 0xC0, 0x09, 0x00, 0x00, 0x00, 0x00, 0x06, 0x00, 0x7D, 0xCF, 0x06, 0x00, 0x02,
  0x04, 0x02, 0x06, 0x00, 0x7D, 0xCF, 0x06, 0x00, 0x00, 0x00, 0x00, 0x06, 0x00, 0x7D, 0xCF, 0x06,
  0x02, 0x71, 0xD2, 0x5E, 0x04, 0x00, 0x7D, 0xCF, 0x06, 0x35, 0xB1, 0x83, 0xF7, 0x1A, 0x00, 0x7E,
  0xCF, 0x06, 0x36, 0xC8, 0xA3, 0xE9, 0x16, 0x00, 0x7E, 0xCF, 0x06, 0x2D, 0xFF, 0xA8, 0x36, 0x00,
  0x00, 0x7D, 0xCF, 0x06, 0x32, 0xEE, 0x1D, 0x00, 0x3D, 0x00, 0x7E, 0xCF, 0x06, 0x32, 0xF1, 0x20,
  0x91, 0xF7, 0x43, 0x6E, 0xD2, 0x06, 0x35, 0xE5, 0x96, 0xC8, 0x63, 0xB6, 0xA2, 0xC9, 0x08, 0x2D,
  0xF8, 0xEE, 0x46, 0x00, 0x71, 0xFF, 0xB4, 0x0C, 0x28, 0xFF, 0x78, 0x00, 0x03, 0x0C, 0xC7, 0xC0,
  0x0A, 0x09, 0xA4, 0xEF, 0x63, 0x00, 0xAA, 0x90, 0x0D, 0xE3, 0x42, 0x39, 0xF6, 0x5C, 0xAD, 0x09,
  0xD0, 0xCD, 0x0E, 0xE3, 0x42, 0x24, 0xE5, 0xB7, 0xB6, 0x37, 0xB7, 0xD3, 0x32, 0xDF, 0x42, 0x01,
  0x31, 0xB8, 0xC4, 0x6A, 0x84, 0x85, 0x77, 0xD7, 0x45, 0x03, 0x00, 0x5D, 0xD4, 0x8D, 0x52, 0x44,
  0xB5, 0xCF, 0x46, 0x03, 0x02, 0x5F, 0xF3, 0x99, 0x1A, 0x19, 0xD3, 0xE3, 0x42, 0x03, 0x00, 0x59,
  0xFF, 0x9B, 0x00, 0x0A, 0xAB, 0xFF, 0x39, 0x03, 0x00, 0x5B, 0xFD, 0x70, 0x01, 0x01, 0x6E, 0xFE,
  0x34, 0x03, 0x00, 0x61, 0xED, 0x2F, 0x00, 0x00, 0x39, 0xFF, 0x38, 0x00, 0x00, 0x00, 0x00, 0x00,
  0x02, 0x00, 0x16, 0xE3, 0x42, 0x00, 0x02, 0x04, 0x01, 0x00, 0x04, 0x02, 0x16, 0xE3, 0x42, 0x00,
  0x00, 0x00, 0x00, 0x00, 0x00, 0x00, 0x17, 0xE3, 0x42, 0x03, 0x7B, 0xCE, 0x47, 0x00, 0x87, 0x70,
  0x0E, 0xE3, 0x42, 0x34, 0xF4, 0x7C, 0xAA, 0x05, 0xD3, 0xCA, 0x0D, 0xE3, 0x42, 0x2C, 0xEF, 0x98,
  0xB3, 0x30, 0xBE, 0xD8, 0x29, 0xE0, 0x42, 0x02, 0x4A, 0xCA, 0xC4, 0x64, 0x89, 0x8F, 0x6F, 0xD8,
  0x44, 0x02, 0x00, 0x5D, 0xD0, 0x8B, 0x58, 0x49, 0xAF, 0xCF, 0x46, 0x03, 0x03, 0x60, 0xF1, 0x98,
  0x1F, 0x1B, 0xD3, 0xE0, 0x43, 0x03, 0x00, 0x59, 0xFF, 0x9C, 0x00, 0x0B, 0xAF, 0xFF, 0x39, 0x03,
  0x00, 0x5B, 0xFD, 0x72, 0x01, 0x01, 0x70, 0xFF, 0x34, 0x03, 0x00, 0x61, 0xED, 0x30, 0x00, 0x00,
  0x39, 0xFF, 0x38, 0x01, 0x00, 0x19, 0xA1, 0xDC, 0xEB, 0x9B, 0x0C, 0x01, 0x02, 0x05, 0x8C, 0x6C,
  0x27, 0x53, 0xEA, 0x86, 0x00, 0x00, 0x18, 0xB2, 0x68, 0x17, 0x00, 0x6B, 0xD0, 0x08, 0x02, 0x08,
  0x8D, 0xEB, 0x24, 0x03, 0x47, 0xDB, 0x11, 0x05, 0x00, 0xAD, 0x85, 0x00, 0x00, 0x46, 0xDC, 0x10,
  0x01, 0x2B, 0xD2, 0x87, 0x00, 0x00, 0x45, 0xDC, 0x10, 0x23, 0xD7, 0xEA, 0xAB, 0x00, 0x00, 0x45,
  0xDC, 0x10, 0x44, 0xE4, 0xBD, 0xBB, 0x00, 0x00, 0x45, 0xDC, 0x10, 0x0E, 0xAE, 0xEE, 0x51, 0x00,
  0x00, 0x45, 0xDC, 0x10, 0x08, 0xA3, 0xEE, 0x42, 0x02, 0x00, 0x2C, 0xEF, 0x32, 0x2C, 0xFE, 0x66,
  0x59, 0x13, 0x00, 0x2C, 0xEF, 0x32, 0x1F, 0xED, 0xB6, 0x7D, 0x0E, 0x00, 0x2C, 0xEF, 0x32, 0x05,
  0x2F, 0xD6, 0xBB, 0x04, 0x00, 0x2C, 0xEF, 0x32, 0x07, 0x00, 0x88, 0xBB, 0x00, 0x05, 0x2E, 0xEF,
  0x32, 0x02, 0x21, 0xBB, 0xC5, 0x06, 0x00, 0x29, 0xF0, 0x31, 0x17, 0xC7, 0xE2, 0xE9, 0xC3, 0x65,
  0x39, 0xEA, 0x34, 0x31, 0xEF, 0xA5, 0xEB, 0x7B, 0xC8, 0xDB, 0xF7, 0x30, 0x08, 0x95, 0xF6, 0x82,
  0x00, 0x0F, 0x9E, 0xFF, 0x2A, 0x05, 0x72, 0xEA, 0x9A, 0x00, 0x22, 0xEB, 0x38, 0x27, 0xE7, 0xEA,
  0xEF, 0x01, 0x20, 0xEB, 0x38, 0x36, 0xE9, 0x96, 0x59, 0x00, 0x23, 0xEB, 0x38, 0x22, 0xCF, 0x45,
  0x00, 0x00, 0x23, 0xEB, 0x38, 0x02, 0x8C, 0xF2, 0xDC, 0x45, 0x1C, 0xED, 0x38, 0x25, 0xE4, 0x6A,
  0x2A, 0x0E, 0x24, 0xE9, 0x38, 0x3B, 0xEE, 0x11, 0x00, 0x00, 0x1B, 0xF0, 0x38, 0x23, 0xF1, 0x91,
  0x30, 0x32, 0x9B, 0xE9, 0x1E, 0x02, 0x4F, 0xC9, 0xDD, 0xDE, 0xC5, 0x42, 0x01, 0x00, 0x22, 0x51,
  0x50, 0x50, 0x4D, 0x0B, 0x3B, 0xCE, 0xB1, 0xAA, 0xBA, 0x8C, 0x10, 0x84, 0xF6, 0xB7, 0x7E, 0x1D,
  0x00, 0x00, 0x04, 0x1E, 0x61, 0xAE, 0xE2, 0x3D, 0x01, 0x00, 0x00, 0x00, 0x00, 0xD4, 0x7C, 0x00,
  0x00, 0x02, 0x00, 0x0E, 0xCD, 0x77, 0x00, 0x03, 0x00, 0x51, 0xD4, 0xE6, 0x70, 0x00, 0x05, 0x00,
  0xB5, 0xC2, 0x8B, 0x75, 0x00, 0x03, 0x00, 0x4C, 0xE0, 0xB5, 0x25, 0x00, 0x00, 0x4C, 0xC8, 0xD6,
  0xE0, 0x8B, 0x09, 0x02, 0x3A, 0xD4, 0x59, 0x1C, 0x4A, 0xEB, 0x76, 0x00, 0x87, 0xDA, 0x2B, 0x00,
  0x00, 0x81, 0xCA, 0x05, 0x13, 0xB2, 0xAC, 0x0B, 0x03, 0x6D, 0xD4, 0x08, 0x2C, 0xEB, 0x2C, 0x00,
  0x00, 0x6E, 0xD4, 0x08, 0x38, 0xED, 0x31, 0x00, 0x00, 0x6E, 0xD4, 0x08, 0x36, 0xF5, 0xDE, 0xB0,
  0x00, 0x6C, 0xD4, 0x08, 0x1D, 0xB8, 0xEE, 0xD1, 0x00, 0x6C, 0xD4, 0x08, 0x00, 0x1E, 0x43, 0x18,
  0x00, 0x6E, 0xD4, 0x08, 0x01, 0x00, 0x00, 0x00, 0x00, 0x6E, 0xD4, 0x08, 0x00, 0x02, 0x03, 0x07,
  0x00, 0x6E, 0xD4, 0x08, 0x00, 0x00, 0x00, 0x05, 0x00, 0x6E, 0xD4, 0x08, 0x00, 0x58, 0xCA, 0xDE,
  0xDC, 0xB1, 0x27, 0x00, 0x61, 0xFA, 0x79, 0x34, 0x46, 0xC1, 0xD3, 0x11, 0x89, 0x6E, 0x00, 0x00,
  0x00, 0x1C, 0xF9, 0x33, 0x09, 0x21, 0x9E, 0xCB, 0xB3, 0x79, 0xE4, 0x3A, 0x12, 0xC4, 0xA3, 0x56,
  0x6B, 0xC1, 0xFD, 0x2F, 0x34, 0xF9, 0x65, 0x0A, 0x00, 0x2D, 0xF8, 0x35, 0x37, 0xE0, 0xDC, 0xB5,
  0x01, 0x21, 0xE9, 0x38, 0x3F, 0xB0, 0x7B, 0xFB, 0x00, 0x21, 0xEB, 0x38, 0x0E, 0x9C, 0xF1, 0x7E,
  0x00, 0x24, 0xEB, 0x38, 0x01, 0x00, 0x18, 0x9D, 0xD1, 0xE7, 0xA5, 0x11, 0x01, 0x01, 0x00, 0x8B,
  0x66, 0x1D, 0x3F, 0xDD, 0x90, 0x00, 0x00, 0x1B, 0xB9, 0x5B, 0x08, 0x00, 0x5B, 0xD5, 0x0A, 0x01,
  0x03, 0x77, 0xED, 0x3F, 0x03, 0x47, 0xDC, 0x11, 0x04, 0x00, 0xB6, 0x83, 0x00, 0x00, 0x45, 0xDC,
  0x10, 0x01, 0x03, 0xC2, 0x96, 0x01, 0x00, 0x45, 0xDC, 0x10, 0x23, 0xCD, 0xEE, 0xC0, 0x00, 0x00,
  0x45, 0xDC, 0x10, 0x2C, 0xE9, 0xF9, 0x82, 0x00, 0x00, 0x45, 0xDC, 0x10, 0x00, 0x26, 0x3C, 0x06,
  0x02, 0x00, 0x45, 0xDC, 0x10, 0x00, 0x00, 0x00, 0x00, 0x03, 0x00, 0x45, 0xDC, 0x10, 0x00, 0x02,
  0x03, 0x01, 0x03, 0x00, 0x45, 0xDC, 0x10, 0x00, 0x00, 0x00, 0x00, 0x03, 0x00, 0x45, 0xDC, 0x10,
  0x00, 0x7B, 0xDA, 0xDF, 0xC5, 0x3B, 0x00, 0x83, 0xF5, 0x58, 0x2C, 0x9A, 0xDE, 0x19, 0x63, 0x45,
  0x00, 0x00, 0x15, 0xED, 0x3D, 0x00, 0x00, 0x05, 0x03, 0x1E, 0xE4, 0x3F, 0x03, 0x03, 0x02, 0x00,
  0x0B, 0xE2, 0x3F, 0x00, 0x00, 0x01, 0x0F, 0x5D, 0xF3, 0x3C, 0x00, 0x01, 0x00, 0x9F, 0xE1, 0xDE,
  0x3C, 0x00, 0x01, 0x00, 0xE7, 0x8B, 0xA4, 0x44, 0x00, 0x01, 0x00, 0x6B, 0xF0, 0x9A, 0x0D, 0x00,
  0x00, 0x0B, 0x3C, 0x52, 0x37, 0x94, 0xCF, 0x0B, 0x00, 0x36, 0xC8, 0xD9, 0xB6, 0xBE, 0xFA, 0x54,
  0x00, 0x12, 0xDE, 0xAD, 0x11, 0x11, 0x8B, 0xE7, 0x84, 0x00, 0x2E, 0xFA, 0x2A, 0x1C, 0xB7, 0x60,
  0x7C, 0xCF, 0x05, 0x28, 0xD4, 0x5F, 0xC3, 0x85, 0xCE, 0xA6, 0xC8, 0x09, 0x0D, 0x9E, 0xEA, 0xA7,
  0xD0, 0xAD, 0x90, 0xCC, 0x07, 0x00, 0x72, 0xFE, 0x23, 0x2B, 0x03, 0x78, 0xD0, 0x06, 0x00, 0x60,
  0xE4, 0x12, 0x00, 0x00, 0x7E, 0xCF, 0x06, 0x00, 0x63, 0xDF, 0x10, 0x01, 0x00, 0x7D, 0xCF, 0x06,
  0x09, 0xA4, 0xEF, 0x61, 0x02, 0x06, 0x03, 0xC2, 0x7E, 0x00, 0x39, 0xF6, 0x59, 0xB2, 0x00, 0x00,
  0x00, 0xC3, 0x7F, 0x02, 0x23, 0xE3, 0xB6, 0xBD, 0x27, 0x90, 0x44, 0xBF, 0x7A, 0x00, 0x00, 0x31,
  0xB3, 0xDC, 0xA1, 0xFD, 0xC3, 0xB8, 0xA8, 0x59, 0x03, 0x00, 0x5D, 0xD6, 0x8D, 0xFF, 0xA3, 0xB9,
  0xF1, 0x56, 0x03, 0x02, 0x68, 0xD1, 0x19, 0xB0, 0xD1, 0xF8, 0x81, 0x00, 0x03, 0x00, 0x69, 0xD6,
  0x00, 0x00, 0x00, 0xC2, 0x7E, 0x00, 0x02, 0x00, 0x45, 0xF4, 0x69, 0x2A, 0x4B, 0xEE, 0x65, 0x00,
  0x00, 0x01, 0x05, 0x75, 0xDB, 0xE0, 0xDF, 0x8E, 0x0B, 0x01, 0x00, 0x00, 0x31, 0x4D, 0x41, 0x3A,
  0xDD, 0x64, 0x1E, 0xAE, 0xD0, 0xB6, 0xBD, 0xF7, 0xC1, 0x0E, 0x9C, 0xC1, 0x10, 0x0B, 0x8E, 0xBB,
  0xCF, 0x25, 0x09, 0x06, 0x4F, 0xCC, 0xD3, 0x65, 0xF0, 0x3B, 0x09, 0xA4, 0xBD, 0x62, 0x67, 0xBC,
  0xFF, 0x30, 0x31, 0xF5, 0x30, 0x00, 0x00, 0x29, 0xF3, 0x34, 0x35, 0xEB, 0xDC, 0x91, 0x05, 0x23,
  0xEA, 0x39, 0x3F, 0xB2, 0x83, 0xFE, 0x00, 0x21, 0xEB, 0x38, 0x10, 0x97, 0xE9, 0x88, 0x00, 0x23,
  0xEB, 0x38, 0x09, 0xA4, 0xEF, 0x62, 0x00, 0x3B, 0xD6, 0xEA, 0x54, 0x01, 0x39, 0xF6, 0x59, 0xB5,
  0x00, 0xA3, 0xBD, 0x89, 0xD0, 0x06, 0x23, 0xE4, 0xB5, 0xC9, 0x00, 0x77, 0xE0, 0xBD, 0x84, 0x02,
  0x00, 0x30, 0xB6, 0xDB, 0x00, 0xAD, 0xC6, 0xE9, 0x1E, 0x00, 0x03, 0x00, 0x60, 0xC6, 0x40, 0xBD,
  0x29, 0xE1, 0x30, 0x00, 0x03, 0x02, 0x67, 0xCF, 0x90, 0x69, 0x05, 0xF0, 0x32, 0x00, 0x03, 0x00,
  0x5B, 0xF5, 0xAD, 0x13, 0x17, 0xED, 0x31, 0x00, 0x03, 0x00, 0x5A, 0xFF, 0x77, 0x00, 0x1F, 0xEB,
  0x31, 0x00, 0x03, 0x00, 0x63, 0xDD, 0x10, 0x01, 0x1C, 0xEB, 0x31, 0x00, 0x00, 0x1C, 0x47, 0x0A,
  0x00, 0x00, 0x10, 0x43, 0xA1, 0xC9, 0x1A, 0xCC, 0xD2, 0x80, 0x00, 0x01, 0xA8, 0xDC, 0xDB, 0x5B,
  0x3A, 0xFE, 0x5A, 0xB8, 0x00, 0x00, 0xA7, 0xDE, 0xE3, 0x36, 0x0A, 0x8C, 0xD8, 0xD4, 0x00, 0x0B,
  0x00, 0x42, 0xF1, 0x41, 0x00, 0x00, 0x65, 0xD7, 0x02, 0xAA, 0x5C, 0x05, 0xE2, 0x42, 0x04, 0x03,
  0x6B, 0xC6, 0x49, 0xCD, 0xC6, 0x2E, 0xDE, 0x43, 0x03, 0x00, 0x63, 0xDD, 0xA3, 0x3E, 0x74, 0xB4,
  0xD6, 0x46, 0x03, 0x00, 0x59, 0xFF, 0xA4, 0x00, 0x13, 0xCE, 0xF9, 0x3A, 0x03, 0x00, 0x5E, 0xF3,
  0x49, 0x00, 0x00, 0x54, 0xFF, 0x36, 0x00, 0x2D, 0xAD, 0xDC, 0xE1, 0xD3, 0x7A, 0x08, 0x01, 0x10,
  0xC2, 0x9C, 0x25, 0x25, 0x5E, 0xEC, 0x7B, 0x00, 0x0C, 0x3E, 0x64, 0x8C, 0x24, 0x00, 0x84, 0xCB,
  0x04, 0x00, 0x3D, 0xB2, 0xD0, 0xC7, 0x04, 0x7D, 0xCF, 0x06, 0x01, 0x6E, 0x96, 0x8F, 0xEA, 0x00,
  0x7F, 0xCE, 0x06, 0x00, 0x59, 0xFD, 0xD5, 0x60, 0x03, 0x7F, 0xCE, 0x06, 0x00, 0x61, 0xE3, 0x07,
  0x00, 0x00, 0x77, 0xD0, 0x06, 0x00, 0x3B, 0xF0, 0x79, 0x2A, 0x45, 0xDD, 0x9A, 0x01, 0x02, 0x04,
  0x63, 0xD5, 0xDF, 0xDC, 0xA5, 0x1A, 0x00, 0x0B, 0x80, 0xC5, 0xCB, 0xC0, 0x63, 0xB9, 0x5F, 0x25,
  0xFF, 0xCE, 0x9B, 0xC1, 0xFF, 0xBE, 0x0D, 0x04, 0x3F, 0x7F, 0xA2, 0x75, 0xA0, 0xC4, 0x08, 0x00,
  0x63, 0xB7, 0x45, 0x00, 0x63, 0xD7, 0x08, 0x38, 0xB3, 0x9C, 0xEA, 0x05, 0x6F, 0xD3, 0x08, 0x3E,
  0xB9, 0x99, 0xEE, 0x03, 0x6C, 0xD4, 0x08, 0x32, 0xFF, 0xB3, 0x45, 0x00, 0x6A, 0xD3, 0x07, 0x21,
  0xE0, 0x78, 0x1B, 0x42, 0xD9, 0x9B, 0x01, 0x01, 0x4B, 0xCD, 0xE0, 0xDF, 0xA9, 0x1B, 0x00, 0x09,
  0x9C, 0xFA, 0x70, 0x1D, 0xFE, 0xC1, 0x14, 0x37, 0xEB, 0xA0, 0xDD, 0x83, 0x9F, 0xEB, 0x38, 0x1A,
  0xC8, 0xE0, 0xFF, 0x8A, 0x20, 0xE9, 0x39, 0x00, 0x27, 0x6C, 0x4F, 0x07, 0x21, 0xEC, 0x38, 0x01,
  0x00, 0x00, 0x00, 0x00, 0x25, 0xEB, 0x38, 0x00, 0x02, 0x01, 0x05, 0x01, 0x23, 0xEB, 0x38, 0x00,
  0x00, 0x00, 0x03, 0x00, 0x23, 0xEB, 0x38, 0x00, 0x00, 0x00, 0x03, 0x00, 0x23, 0xEB, 0x38, 0x00,
  0x00, 0x00, 0x03, 0x00, 0x23, 0xEB, 0x38, 0x05, 0x8D, 0xF9, 0x69, 0x01, 0x77, 0xC9, 0x04, 0x33,
  0xDF, 0x9D, 0xDE, 0x00, 0x9C, 0xA5, 0x00, 0x2D, 0xE0, 0xB9, 0xAD, 0x3A, 0xE9, 0x4C, 0x00, 0x05,
  0x74, 0xFF, 0xE8, 0xDF, 0x7E, 0x07, 0x02, 0x00, 0x00, 0x11, 0x42, 0x29, 0x00, 0x00, 0x00, 0x00,
  0x18, 0x3F, 0x09, 0x00, 0x18, 0x30, 0x01, 0x1A, 0xB6, 0xD7, 0xAC, 0x00, 0x8D, 0xC5, 0x03, 0x30,
  0xEF, 0xC4, 0xCC, 0x60, 0xE8, 0x5C, 0x00, 0x04, 0x60, 0xE4, 0xEA, 0xD6, 0x6E, 0x04, 0x03, 0x13,
  0x3F, 0x15, 0x02, 0x11, 0x39, 0xB6, 0xE8, 0xBE, 0x00, 0x56, 0xF7, 0xE5, 0xCD, 0xBD, 0x3B, 0xD8,
  0x88, 0x51, 0xDD, 0xDC, 0xDA, 0x89, 0x05, 0x00, 0x03, 0x22, 0x0D, 0x00, 0x00, 0x01, 0x00, 0x00,
  0x00, 0x01, 0x00, 0x00, 0x00, 0x01, 0x01, 0x00, 0x00, 0x00, 0x00, 0x00, 0x00, 0x00, 0x00, 0x00,
  0x00, 0x00, 0x00, 0x00, 0x00, 0x00, 0x00, 0x00, 0x00, 0x00, 0x00, 0x00, 0x00, 0x00, 0x00, 0x00,
  0x00, 0x00, 0x00, 0x00, 0x00, 0x00, 0x00, 0x00, 0x00, 0x00, 0x00, 0x00, 0x00, 0x00, 0x00, 0x00,
  0x00, 0x00, 0x00, 0x00, 0x3D, 0xCB, 0xE1, 0xD2, 0x4E, 0x01, 0x1B, 0xE9, 0x96, 0x29, 0x86, 0xE2,
  0x1E, 0x23, 0x8E, 0x0E, 0x00, 0x14, 0xE5, 0x3D, 0x00, 0x00, 0x04, 0x02, 0x1C, 0xE4, 0x3F, 0x00,
  0x00, 0x02, 0x00, 0x1A, 0xE5, 0x3F, 0x00, 0x01, 0x02, 0x00, 0x1A, 0xE5, 0x3F, 0x00, 0x00, 0x02,
  0x00, 0x1A, 0xE5, 0x3F, 0x00, 0x00, 0x02, 0x00, 0x1A, 0xE5, 0x3F, 0x00, 0x00, 0x02, 0x00, 0x1A,
  0xE5, 0x3F, 0x0A, 0x41, 0x29, 0x00, 0x00, 0x00, 0x00, 0x00, 0x00, 0x00, 0xA2, 0xE3, 0xD6, 0x35,
  0x00, 0x01, 0x00, 0x00, 0x00, 0x00, 0xFE, 0x67, 0xCB, 0x84, 0x00, 0x02, 0x00, 0x00, 0x00, 0x00,
  0x84, 0xD9, 0xC8, 0x23, 0x01, 0x06, 0x06, 0x04, 0x00, 0x00, 0x00, 0x1A, 0x08, 0x00, 0x00, 0x00,
  0x00, 0x00, 0x00, 0x00, 0x01, 0x00, 0x00, 0x00, 0x0C, 0x71, 0x99, 0x5C, 0x02, 0x00, 0x00, 0x02,
  0x01, 0x07, 0xB0, 0xD0, 0x89, 0xE7, 0x76, 0x00, 0x00, 0x01, 0x00, 0x1D, 0xCF, 0x32, 0x00, 0x6B,
  0xD1, 0x07, 0x00, 0x00, 0x00, 0x05, 0x13, 0x04, 0x01, 0x51, 0xDB, 0x0C, 0x00, 0x00, 0x00, 0x00,
  0x00, 0x04, 0x00, 0x54, 0xDA, 0x0C, 0x00, 0x00, 0x00, 0x00, 0x01, 0x04, 0x00, 0x54, 0xDA, 0x0C,
  0x00, 0x00, 0x00, 0x00, 0x00, 0x04, 0x00, 0x54, 0xDA, 0x0C, 0x00, 0x00, 0x00, 0x00, 0x00, 0x04,
  0x00, 0x54, 0xDA, 0x0C, 0x00, 0x00, 0x00, 0x00, 0x00, 0x04, 0x00, 0x54, 0xDA, 0x0C, 0x00, 0x1E,
  0x4B, 0x4A, 0x17, 0x00, 0x01, 0x3E, 0xAA, 0xAC, 0xB1, 0xBC, 0x39, 0x00, 0xE2, 0xF5, 0xBA, 0x98,
  0xB6, 0xBE, 0x1A, 0x56, 0x51, 0x69, 0x7D, 0x8E, 0xDC, 0x36, 0x00, 0x00, 0x00, 0x00, 0x00, 0x08,
  0x0B, 0x01, 0x01, 0x01, 0x01, 0x01, 0x00, 0x00, 0x00, 0x00, 0x00, 0x00, 0x00, 0x00, 0x00, 0x00,
  0x00, 0x00, 0x00, 0x00, 0x00, 0x00, 0x00, 0x00, 0x00, 0x00, 0x00, 0x00, 0x00, 0x00, 0x00, 0x00,
  0x00, 0x00, 0x00, 0x00, 0x00, 0x00, 0x00, 0x00, 0x00, 0x00, 0x00, 0x00, 0x00, 0x00, 0x00, 0x00,
  0x00, 0x00, 0x00, 0x00, 0x00, 0x00, 0x00, 0x00, 0x00, 0x00, 0x00, 0x00, 0x00, 0x00, 0x00, 0x00,
  0x02, 0x00, 0x00, 0x00, 0x00, 0x2E, 0x57, 0x03, 0x00, 0x15, 0x69, 0x81, 0x42, 0x71, 0xDE, 0x09,
  0x25, 0xB6, 0xAA, 0x97, 0x9F, 0xD6, 0xBD, 0x0D, 0x79, 0xFA, 0xD2, 0xBC, 0x9B, 0xE1, 0xCC, 0x0D,
  0x25, 0x31, 0x3A, 0x50, 0x66, 0xA0, 0x9B, 0x0F, 0x00, 0x00, 0x00, 0x00, 0x00, 0x00, 0x02, 0x05,
  0x01, 0x01, 0x01, 0x02, 0x03, 0x04, 0x00, 0x00, 0x00, 0x00, 0x00, 0x00, 0x00, 0x00, 0x01, 0x00,
  0x00, 0x00, 0x00, 0x00, 0x00, 0x00, 0x00, 0x00, 0x00, 0x00, 0x00, 0x00, 0x00, 0x00, 0x00, 0x00,
  0x00, 0x00, 0x00, 0x00, 0x00, 0x00, 0x00, 0x00, 0x00, 0x00, 0x00, 0x00, 0x00, 0x00, 0x00, 0x00,
  0x00, 0x00, 0x00, 0x00, 0x00, 0x00, 0x00, 0x00, 0x00, 0x00, 0x00, 0x00, 0x00, 0x00, 0x00, 0x00,
  0x00, 0x00, 0x00, 0x00, 0x00, 0x00, 0x00, 0x00, 0x03, 0x00, 0x00, 0x00, 0x00, 0x3D, 0x1F, 0x00,
  0x3B, 0x80, 0x7E, 0x61, 0xBA, 0xD5, 0x61, 0xA8, 0x69, 0x6C, 0xA6, 0xC0, 0xB8, 0xE0, 0xE6, 0xBA,
  0xA1, 0x93, 0xEF, 0x44, 0x38, 0x32, 0x46, 0x5F, 0x79, 0xBB, 0x4B, 0x00, 0x00, 0x00, 0x00, 0x00,
  0x00, 0x08, 0x01, 0x01, 0x01, 0x02, 0x03, 0x03, 0x00, 0x00, 0x00, 0x00, 0x00, 0x00, 0x00, 0x01,
  0x00, 0x00, 0x00, 0x00, 0x00, 0x00, 0x00, 0x00, 0x00, 0x00, 0x00, 0x00, 0x00, 0x00, 0x00, 0x00,
  0x00, 0x00, 0x00, 0x00, 0x00, 0x00, 0x00, 0x00, 0x00, 0x00, 0x00, 0x00, 0x00, 0x00, 0x00, 0x00,
  0x00, 0x00, 0x00, 0x00, 0x00, 0x00, 0x00, 0x00, 0x00, 0x00, 0x00, 0x00, 0x00, 0x00, 0x00, 0x00,
  0x00, 0x00, 0x02, 0x38, 0x54, 0xDB, 0xB0, 0xC4, 0x0B, 0x12, 0x7C, 0x8D, 0x8D, 0xB4, 0xE3, 0xBF,
  0x0D, 0x73, 0xFF, 0xC2, 0x9C, 0x8B, 0xE5, 0xC5, 0x0D, 0x36, 0x50, 0x5F, 0x75, 0x7D, 0xBA, 0xB1,
  0x0F, 0x00, 0x00, 0x00, 0x00, 0x00, 0x00, 0x0F, 0x07, 0x01, 0x01, 0x01, 0x01, 0x01, 0x01, 0x00,
  0x00, 0x00, 0x00, 0x00, 0x00, 0x00, 0x00, 0x01, 0x00, 0x00, 0x00, 0x00, 0x00, 0x00, 0x00, 0x00,
  0x00, 0x00, 0x00, 0x00, 0x00, 0x00, 0x00, 0x00, 0x00, 0x00, 0x00, 0x00, 0x00, 0x00, 0x00, 0x00,
  0x00, 0x00, 0x00, 0x00, 0x00, 0x00, 0x00, 0x00, 0x00, 0x00, 0x00, 0x00, 0x00, 0x00, 0x00, 0x00,
  0x00, 0x00, 0x00, 0x00, 0x00, 0x00, 0x00, 0x00, 0x00, 0x00, 0x00, 0x00, 0x00, 0x00, 0x00, 0x00,
  0x00, 0x23, 0x53, 0x15, 0x00, 0xCB, 0xDB, 0x94, 0x08, 0xAD, 0xD7, 0xBD, 0x0F, 0x00, 0x85, 0xDC,
  0x09, 0x02, 0x2E, 0x5F, 0x04, 0x29, 0x51, 0x05, 0x24, 0x3D, 0xD9, 0xE1, 0x44, 0x76, 0xCC, 0xB4,
  0xE5, 0x6C, 0x65, 0xC3, 0x00, 0x8A, 0xE2, 0xD5, 0x8B, 0x02, 0x0B, 0x54, 0x58, 0x0C, 0x3E, 0x07,
  0xB8, 0x16, 0x00, 0x00, 0x00, 0x7B, 0x3C, 0x00, 0x02, 0x00, 0x19, 0x88, 0x86, 0xFF, 0xC8, 0x48,
  0x01, 0x00, 0x39, 0xFF, 0xA3, 0x79, 0xAA, 0xFA, 0x67, 0x00, 0x37, 0xE6, 0x1C, 0x00, 0x00, 0x84,
  0xCD, 0x04, 0x39, 0xE9, 0x15, 0x00, 0x05, 0xAD, 0xAA, 0x01, 0x33, 0xF9, 0xBD, 0xB0, 0xCC, 0xCF,
  0x19, 0x00, 0x35, 0xF5, 0x73, 0x5C, 0x83, 0xD9, 0x7B, 0x02, 0x38, 0xEA, 0x19, 0x00, 0x00, 0x4D,
  0xF3, 0x24, 0x38, 0xEB, 0x25, 0x02, 0x01, 0x24, 0xE9, 0x35, 0x37, 0xE5, 0x18, 0x00, 0x00, 0x58,
  0xF4, 0x22, 0x39, 0xFF, 0xA7, 0x7B, 0x9D, 0xF2, 0x89, 0x03, 0x16, 0x79, 0x81, 0xFD, 0xC6, 0x51,
  0x05, 0x00, 0x00, 0x00, 0x00, 0x7A, 0x3D, 0x00, 0x01, 0x00, 0x2E, 0xF2, 0x33, 0x00, 0x03, 0x2E,
  0xF2, 0x33, 0x00, 0x03, 0x2E, 0xF2, 0x33, 0x00, 0x03, 0x2E, 0xF2, 0x35, 0x02, 0x03, 0x2F, 0xF0,
  0x24, 0x00, 0x04, 0x2B, 0xF9, 0x73, 0x1A, 0x00, 0x2D, 0xEB, 0xDC, 0xCB, 0x11, 0x37, 0xA5, 0x45,
  0xFF, 0x29, 0x0A, 0x84, 0xE1, 0x91, 0x06, 0x32, 0xEF, 0x2C, 0x00, 0x1F, 0xF2, 0x3D, 0x00, 0x03,
  0x32, 0xEF, 0x2C, 0x00, 0x1F, 0xF2, 0x3D, 0x00, 0x03, 0x32, 0xEF, 0x2C, 0x00, 0x1F, 0xF2, 0x3D,
  0x00, 0x03, 0x32, 0xEF, 0x2E, 0x02, 0x1F, 0xF2, 0x3F, 0x02, 0x03, 0x33, 0xED, 0x1D, 0x00, 0x20,
  0xF0, 0x2E, 0x00, 0x04, 0x2F, 0xF8, 0x6E, 0x15, 0x1A, 0xFA, 0x7A, 0x1C, 0x00, 0x31, 0xE9, 0xE0,
  0xBA, 0x23, 0xE9, 0xDB, 0xCF, 0x13, 0x3C, 0x9F, 0x51, 0xFB, 0x3D, 0xA5, 0x42, 0xFF, 0x2D, 0x0B,
  0x88, 0xE3, 0x86, 0x08, 0x7B, 0xE1, 0x96, 0x08, 0x0F, 0xA6, 0xE5, 0x9F, 0x86, 0xBE, 0x16, 0x7A,
  0xFF, 0x41, 0x4E, 0xB1, 0x77, 0x06, 0x4E, 0xA7, 0xC2, 0x47, 0x00, 0x00, 0x00, 0x00, 0x09, 0x6B,
  0xE9, 0x31, 0x03, 0x02, 0x01, 0x00, 0x00, 0xE0, 0x5F, 0x00, 0x03, 0x00, 0x02, 0x01, 0xDE, 0x5E,
  0x00, 0x03, 0x00, 0x01, 0x00, 0xDF, 0x5E, 0x00, 0x03, 0x00, 0x01, 0x00, 0xDF, 0x5E, 0x00, 0x03,
  0x00, 0x01, 0x00, 0xDF, 0x5E, 0x00, 0x03, 0x00, 0x01, 0x00, 0xDF, 0x5F, 0x01, 0x03, 0x00, 0x01,
  0x00, 0xDE, 0x55, 0x00, 0x04, 0x00, 0x01, 0x00, 0xE1, 0x82, 0x11, 0x00, 0x00, 0x01, 0x00, 0xD4,
  0xD7, 0xC4, 0x15, 0x00, 0x00, 0x00, 0xB6, 0x67, 0xFF, 0x38, 0x00, 0x01, 0x00, 0x65, 0xE7, 0xA9,
  0x0C, 0x33, 0xBA, 0xDD, 0xB7, 0x1C, 0x00, 0x01, 0xD1, 0xE1, 0x44, 0xC6, 0x9D, 0x00, 0x05, 0xED,
  0xF6, 0x8C, 0xA0, 0xA2, 0x00, 0x06, 0xA6, 0xEB, 0x88, 0xD6, 0x48, 0x00, 0x02, 0x08, 0x17, 0x49,
  0xDC, 0x05, 0x00, 0x00, 0x02, 0x00, 0x59, 0xDD, 0x00, 0x01, 0x00, 0x03, 0x01, 0x58, 0xDD, 0x00,
  0x01, 0x00, 0x03, 0x00, 0x58, 0xDD, 0x00, 0x01, 0x00, 0x03, 0x00, 0x58, 0xDD, 0x00, 0x01, 0x00,
  0x03, 0x00, 0x58, 0xDD, 0x02, 0x02, 0x00, 0x03, 0x00, 0x58, 0xDB, 0x00, 0x00, 0x01, 0x03, 0x00,
  0x56, 0xE5, 0x31, 0x0D, 0x00, 0x03, 0x00, 0x54, 0xEC, 0xDA, 0xB4, 0x11, 0x03, 0x00, 0x50, 0xD4,
  0x62, 0xFF, 0x37, 0x00, 0x01, 0x0B, 0xA5, 0xEA, 0x9C, 0x0A, 0xAF, 0x9E, 0x00, 0xCE, 0xB6, 0x00,
  0x06, 0x7F, 0xBA, 0x63, 0xFD, 0xB0, 0x00, 0x06, 0x50, 0xF2, 0xBA, 0xB5, 0xB0, 0x00, 0x06, 0x1E,
  0xD3, 0x4D, 0x88, 0xB8, 0x00, 0x06, 0x00, 0x00, 0x00, 0x95, 0xB6, 0x00, 0x06, 0x00, 0x01, 0x00,
  0x95, 0xB6, 0x00, 0x06, 0x00, 0x01, 0x00, 0x95, 0xB6, 0x00, 0x06, 0x00, 0x01, 0x00, 0x95, 0xB6,
  0x00, 0x06, 0x00, 0x01, 0x00, 0x95, 0xB6, 0x00, 0x06, 0x00, 0x01, 0x00, 0x95, 0xB6, 0x01, 0x06,
  0x00, 0x01, 0x00, 0x96, 0xB1, 0x00, 0x06, 0x00, 0x01, 0x00, 0x92, 0xCB, 0x25, 0x03, 0x00, 0x01,
  0x00, 0x81, 0xD8, 0xE3, 0x54, 0x00, 0x01, 0x00, 0x79, 0x7E, 0xBF, 0xA9, 0x00, 0x01, 0x00, 0x26,
  0xC9, 0xDD, 0x3B, 0x2C, 0xBD, 0xD7, 0xD6, 0x62, 0x02, 0xD7, 0xA3, 0x1E, 0x64, 0xE6, 0x29, 0x6C,
  0x17, 0x00, 0x08, 0xDB, 0x48, 0x00, 0x02, 0x02, 0x11, 0xDC, 0x48, 0x01, 0x03, 0x00, 0x0F, 0xDC,
  0x48, 0x00, 0x02, 0x00, 0x0F, 0xDC, 0x48, 0x00, 0x02, 0x00, 0x0F, 0xDC, 0x48, 0x00, 0x02, 0x00,
  0x0F, 0xDC, 0x48, 0x00, 0x02, 0x00, 0x0F, 0xDC, 0x48, 0x00, 0x02, 0x00, 0x0F, 0xDC, 0x48, 0x00,
  0x02, 0x00, 0x0F, 0xDC, 0x48, 0x00, 0x02, 0x00, 0x0F, 0xDC, 0x48, 0x00, 0x00, 0x2A, 0x2C, 0x00,
  0x36, 0x09, 0x00, 0x01, 0x00, 0x40, 0xD6, 0xCE, 0xAB, 0xE1, 0x9F, 0x0E, 0x02, 0x0D, 0xD1, 0x8B,
  0x28, 0x64, 0x3E, 0xF0, 0x4B, 0x00, 0x27, 0xFB, 0xE0, 0xB5, 0x09, 0x04, 0xDF, 0x63, 0x00, 0x2C,
  0xFA, 0x5E, 0xD9, 0x86, 0x08, 0xE1, 0x62, 0x00, 0x0B, 0xA9, 0xCC, 0xE3, 0x3E, 0x0A, 0xE1, 0x62,
  0x00, 0x00, 0x0C, 0x49, 0x2E, 0x00, 0x10, 0xE0, 0x62, 0x00, 0x01, 0x00, 0x00, 0x00, 0x01, 0x10,
  0xE0, 0x62, 0x00, 0x00, 0x01, 0x01, 0x03, 0x00, 0x10, 0xE0, 0x62, 0x00, 0x00, 0x00, 0x00, 0x02,
  0x00, 0x10, 0xE0, 0x62, 0x00, 0x00, 0x00, 0x00, 0x02, 0x00, 0x10, 0xE0, 0x62, 0x00, 0x00, 0x00,
  0x00, 0x02, 0x00, 0x10, 0xE0, 0x62, 0x00, 0x00, 0x00, 0x00, 0x02, 0x00, 0x10, 0xE0, 0x62, 0x00,
  0x02, 0x06, 0x07, 0x07, 0x55, 0x1C, 0x00, 0x00, 0x00, 0x1A, 0xEF, 0x3B, 0x2E, 0x9D, 0xA6, 0xC6,
  0xA6, 0x08, 0xCC, 0xB1, 0x76, 0xB7, 0x94, 0x0D, 0xEF, 0xC2, 0xAD, 0xD4, 0xB6, 0x37, 0x6B, 0x63,
  0x14, 0xA7, 0xA3, 0x16, 0x00, 0x00, 0x00, 0x00, 0x00, 0x00, 0x03, 0x02, 0x01, 0x03, 0x03, 0x01,
  0x00, 0x00, 0x00, 0x00, 0x01, 0x00, 0x00, 0x00, 0x00, 0x00, 0x00, 0x00, 0x00, 0x00, 0x00, 0x00,
  0x00, 0x00, 0x00, 0x00, 0x00, 0x00, 0x00, 0x00, 0x00, 0x00, 0x00, 0x00, 0x00, 0x00, 0x00, 0x00,
  0x00, 0x00, 0x00, 0x00, 0x00, 0x00, 0x00, 0x00, 0x00, 0x00, 0x00, 0x00, 0x00, 0x00, 0x00, 0x00,
  0xDE, 0x25, 0xDF, 0x25, 0xDE, 0x25, 0x10, 0x03, 0x00, 0x00, 0x01, 0x00, 0x00, 0x00, 0x00, 0x00,
  0x00, 0x00, 0x00, 0x00, 0x00, 0x00, 0x00, 0x00, 0x00, 0x00, 0x21, 0x2F, 0x01, 0x0E, 0x2F, 0xDD,
  0xBD, 0x00, 0x4F, 0xCB, 0xDC, 0xD5, 0x0B, 0x9B, 0x74, 0x4B, 0xBF, 0x8E, 0xA2, 0x07, 0x9B, 0xC2,
  0x7A, 0x05, 0x00, 0x11, 0x00, 0x00, 0x00, 0x01, 0x00, 0x02, 0x03, 0x00, 0x00, 0x01, 0x01, 0x00,
  0x00, 0x00, 0x00, 0x00, 0x00, 0x00, 0x00, 0x00, 0x00, 0x00, 0x00, 0x00, 0x00, 0x00, 0x00, 0x00,
  0x00, 0x00, 0x00, 0x00, 0x00, 0x00, 0x00, 0x00, 0x00, 0x00, 0x00, 0x00, 0x00, 0x00, 0x00, 0x00,
  0x00, 0x00, 0x00, 0x00, 0x00, 0x12, 0x4F, 0x44, 0x74, 0x2A, 0x3A, 0x4D, 0xAB, 0xCB, 0x60, 0x79,
  0xCB, 0xC9, 0x96, 0xD1, 0xD0, 0x2F, 0x41, 0xFF, 0xE5, 0x31, 0xAA, 0xD4, 0x2D, 0xA3, 0xDE, 0x49,
  0x00, 0x08, 0x11, 0x00, 0x14, 0x00, 0x00, 0x00, 0x00, 0x00, 0x00, 0x00, 0x00, 0x01, 0x00, 0x00,
  0x01, 0x00, 0x01, 0x00, 0x00, 0x00, 0x00, 0x00, 0x00, 0x00, 0x00, 0x00, 0x00, 0x00, 0x00, 0x00,
  0x00, 0x00, 0x00, 0x00, 0x00, 0x00, 0x00, 0x00, 0x00, 0x00, 0x00, 0x00, 0x00, 0x00, 0x00, 0x00,
  0x00, 0x00, 0x00, 0x00, 0x00, 0x00, 0x00, 0x00, 0x00, 0x00, 0x00, 0x00, 0x00, 0x00, 0x00, 0x00,
  0x00, 0x00, 0x00, 0x00, 0x00, 0x00, 0x00, 0x5A, 0xE2, 0x9D, 0x4E, 0xBB, 0xF4, 0xD7, 0xAF, 0x02,
  0xD3, 0x69, 0x00, 0x01, 0x0F, 0x08, 0x02, 0x01, 0x00, 0x00, 0x01, 0x00, 0x01, 0x00, 0x00, 0x00,
  0x00, 0x00, 0x00, 0x00, 0x00, 0x00, 0x00, 0x00, 0x00, 0x00, 0x00, 0x00, 0x00, 0x00, 0x00, 0x00,
  0x00, 0x00, 0x00, 0x00, 0x00, 0x00, 0x00, 0x00, 0x00, 0x00, 0x00, 0x03, 0x00, 0x00, 0x46, 0x3C,
  0x00, 0x39, 0x6C, 0xAF, 0x45, 0x82, 0xEB, 0xA9, 0x17, 0x00, 0xEC, 0xE1, 0xBC, 0x0C, 0x03, 0x82,
  0xCB, 0x77, 0x03, 0x01, 0x00, 0x04, 0x00, 0x00, 0x00, 0x02, 0x00, 0x02, 0x00, 0x00, 0x00, 0x01,
  0x00, 0x00, 0x00, 0x00, 0x00, 0x00, 0x00, 0x00, 0x00, 0x00, 0x00, 0x00, 0x00, 0x00, 0x00, 0x00,
  0x00, 0x00, 0x00, 0x00, 0x00, 0x00, 0x00, 0x00, 0x00, 0x00, 0x00, 0x00, 0x00, 0x00, 0x00, 0x00,
  0x00, 0x00, 0x00, 0x00, 0x00, 0x00, 0x08, 0x3F, 0x2E, 0x00, 0x9E, 0xE0, 0xDA, 0x4E, 0xFF, 0x6E,
  0xB9, 0xA9, 0x81, 0xDA, 0xD1, 0x38, 0x00, 0x19, 0x0B, 0x00, 0x01, 0x00, 0x00, 0x01, 0x00, 0x01,
  0x01, 0x00, 0x00, 0x00, 0x00, 0x00, 0x00, 0x00, 0x00, 0x00, 0x00, 0x00, 0x00, 0x00, 0x00, 0x00,
  0x00, 0x00, 0x00, 0x00, 0x00, 0x00, 0x00, 0x00, 0x00, 0x00, 0x00, 0x00, 0x00, 0x00, 0x00, 0x0A,
  0x3E, 0x34, 0x08, 0x78, 0xD9, 0xA6, 0x00, 0x9D, 0x7C, 0x02, 0x7B, 0xA5, 0x5A, 0x0B, 0xF8, 0xA5,
  0x30, 0x07, 0x6A, 0xBA, 0x6E, 0x00, 0x00, 0x00, 0x00, 0x00, 0x04, 0x01, 0x02, 0x00, 0x00, 0x01,
  0x00, 0x00, 0x00, 0x00, 0x00, 0x00, 0x00, 0x00, 0x00, 0x00, 0x00, 0x00, 0x00, 0x00, 0x00, 0x00,
  0x00, 0x00, 0x00, 0x00, 0x00, 0x00, 0x00, 0x00, 0x00, 0x00, 0x00, 0x00, 0x00, 0x00, 0x01, 0x00,
  0x02, 0x33, 0x41, 0x1F, 0x00, 0x01, 0x00, 0x01, 0x14, 0xA2, 0xC4, 0xB6, 0xD4, 0x66, 0x00, 0x01,
  0x01, 0x98, 0xDD, 0xA3, 0x9B, 0x7F, 0xEE, 0x4A, 0x00, 0x26, 0xDE, 0xD9, 0xB5, 0xB1, 0xBA, 0xA6,
  0xAC, 0x00, 0x3C, 0xFC, 0xF7, 0x20, 0x00, 0xC5, 0xAF, 0xC6, 0x0D, 0x39, 0xFB, 0xFA, 0x1D, 0x00,
  0xCA, 0xB5, 0xC2, 0x0A, 0x1B, 0xDB, 0xEC, 0xB9, 0xAF, 0xBB, 0xC2, 0x9D, 0x00, 0x00, 0x77, 0xF4,
  0xC4, 0xAD, 0xAD, 0xE6, 0x30, 0x00, 0x02, 0x07, 0x74, 0xC8, 0xD0, 0xBE, 0x3F, 0x00, 0x01, 0x01,
  0x00, 0x06, 0x39, 0x48, 0x39, 0x07, 0x00, 0x01, 0x00, 0x2D, 0xC0, 0xCE, 0xC2, 0xCE, 0xC2, 0x2D,
  0x00, 0x13, 0xD0, 0x98, 0x17, 0x02, 0x17, 0x99, 0xD0, 0x13, 0x3F, 0xE3, 0x0F, 0x00, 0x06, 0x00,
  0x10, 0xE3, 0x3F, 0x36, 0xE9, 0x1F, 0x00, 0x00, 0x00, 0x1F, 0xE9, 0x36, 0x09, 0xAE, 0xC8, 0x46,
  0x26, 0x46, 0xC8, 0xAE, 0x09, 0x00, 0x10, 0x94, 0xD6, 0xDC, 0xD6, 0x96, 0x10, 0x00, 0x01, 0x00,
  0x00, 0x2C, 0x41, 0x37, 0x09, 0x00, 0x01, 0x01, 0x17, 0xA4, 0xD7, 0xCD, 0xD4, 0xC4, 0x31, 0x00,
  0x04, 0xA8, 0xCA, 0x24, 0x00, 0x11, 0x93, 0xE5, 0x1B, 0x2D, 0xE8, 0x24, 0x4F, 0xD2, 0x51, 0x00,
  0xCB, 0x7C, 0x46, 0xD6, 0x1F, 0xD8, 0xC3, 0xD7, 0x01, 0x8B, 0xB1, 0x37, 0xE8, 0x21, 0xC1, 0xC4,
  0xE4, 0x00, 0x91, 0xA9, 0x0B, 0xC9, 0xA5, 0x62, 0xFA, 0xA2, 0x04, 0xD1, 0x64, 0x00, 0x2D, 0xCB,
  0xDC, 0xA7, 0x12, 0x6B, 0xD6, 0x13, 0xC5, 0x9D, 0x03, 0x06, 0x07, 0x03, 0x06, 0x05, 0x00, 0x65,
  0xDA, 0x10, 0x00, 0x00, 0x00, 0x00, 0x00, 0x00, 0x44, 0xDC, 0x0D, 0x65, 0x9D, 0x2D, 0x85, 0x67,
  0x02, 0x4B, 0xD0, 0x78, 0xE1, 0x94, 0xCA, 0xB1, 0xE6, 0x4B, 0x4C, 0xC9, 0xC9, 0xEA, 0xA5, 0x78,
  0x01, 0x9C, 0xA2, 0x4C, 0xCA, 0xBA, 0xE7, 0xFF, 0x3A, 0x01, 0x8C, 0xB6, 0x3D, 0xE9, 0x45, 0x95,
  0x81, 0x08, 0x00, 0xB8, 0x94, 0x0C, 0xC3, 0xBF, 0x40, 0x22, 0x2E, 0x85, 0xED, 0x35, 0x00, 0x1C,
  0xA4, 0xDD, 0xE8, 0xE0, 0xC6, 0x4A, 0x00, 0x01, 0x00, 0x2C, 0x47, 0x14, 0x00, 0x3F, 0x37, 0x04,
  0x00, 0x00, 0x60, 0xDD, 0xC9, 0xB2, 0x99, 0xCB, 0xEA, 0x6E, 0x00, 0x1A, 0xD4, 0x50, 0x00, 0x9C,
  0xF5, 0x0F, 0x6B, 0xD3, 0x07, 0x39, 0xDC, 0x3D, 0x0C, 0x61, 0xD1, 0x00, 0x4D, 0xDB, 0x0C, 0x3A,
  0xF3, 0xDA, 0xAE, 0x7C, 0xD2, 0x02, 0x53, 0xDB, 0x0C, 0x2B, 0xBD, 0x71, 0xD3, 0xB4, 0xCA, 0x00,
  0x52, 0xDB, 0x0C, 0x04, 0x66, 0xEA, 0x9A, 0x73, 0xD3, 0x00, 0x52, 0xDB, 0x0C, 0x00, 0x00, 0x00,
  0x00, 0x00, 0x00, 0x04, 0x03, 0x34, 0x78, 0x00, 0x01, 0x01, 0x00, 0x00, 0x00, 0x00, 0x00, 0x92,
  0xA6, 0x01, 0x00, 0x00, 0x00, 0x0B, 0x13, 0x1C, 0x75, 0xE0, 0x33, 0x00, 0x0E, 0x8D, 0xCF, 0xC1,
  0xBE, 0xD2, 0xC8, 0x44, 0x00, 0x09, 0xB2, 0xCE, 0x52, 0x84, 0x7C, 0x1A, 0x00, 0x00, 0x01, 0x33,
  0xEF, 0x1C, 0x57, 0xE3, 0xE4, 0x6F, 0x04, 0x03, 0x00, 0x40, 0xE5, 0x09, 0x73, 0xCA, 0xB8, 0x5B,
  0x00, 0x03, 0x01, 0x1C, 0xEA, 0x6F, 0x03, 0xA5, 0xC7, 0x4C, 0x24, 0x00, 0x00, 0x00, 0x57, 0xE1,
  0xCA, 0xC0, 0xFF, 0xFF, 0xF4, 0xB2, 0x22, 0x01, 0x00, 0x1F, 0x46, 0x4A, 0x3B, 0x34, 0x43, 0x5E,
  0x17, 0x00, 0x00, 0x00, 0x00, 0x2D, 0x3C, 0x07, 0x03, 0x34, 0x77, 0x00, 0x02, 0x01, 0x4B, 0xDB,
  0xE1, 0x91, 0x00, 0x8F, 0xA6, 0x01, 0x00, 0x00, 0x7A, 0xBF, 0x82, 0xEC, 0x64, 0xDD, 0x34, 0x00,
  0x0A, 0x7B, 0xC2, 0xCB, 0xC6, 0xDD, 0xC4, 0x45, 0x00, 0x07, 0xA9, 0xCF, 0x50, 0x81, 0x7B, 0x17,
  0x00, 0x00, 0x01, 0x32, 0xED, 0x1D, 0x57, 0xE3, 0xE5, 0x70, 0x04, 0x03, 0x00, 0x40, 0xE6, 0x09,
  0x74, 0xCA, 0xB6, 0x5A, 0x00, 0x03, 0x01, 0x1D, 0xEC, 0x6E, 0x03, 0xAA, 0xC6, 0x4B, 0x23, 0x00,
  0x00, 0x00, 0x56, 0xDA, 0xC5, 0xC2, 0xFF, 0xFF, 0xF3, 0xB2, 0x22, 0x01, 0x00, 0x1C, 0x44, 0x49,
  0x3A, 0x34, 0x43, 0x5E, 0x17, 0x6D, 0xC2, 0x05, 0x00, 0x02, 0x00, 0x00, 0x00, 0x00, 0x19, 0xDB,
  0x41, 0x00, 0x00, 0x00, 0x00, 0x02, 0x00, 0x00, 0xB2, 0x80, 0x03, 0x14, 0x13, 0x02, 0x00, 0x00,
  0x00, 0x9F, 0xDD, 0x8F, 0xCF, 0xD4, 0xC8, 0x54, 0x00, 0x00, 0x3F, 0x70, 0x2D, 0x1B, 0x1B, 0x69,
  0xEC, 0x45, 0x00, 0x0C, 0x93, 0x9C, 0x11, 0x00, 0x00, 0x9C, 0xA9, 0x00, 0x7F, 0xD9, 0xD7, 0x7C,
  0x00, 0x00, 0xA2, 0xA0, 0x00, 0x63, 0xD3, 0xC4, 0x62, 0x22, 0x82, 0xDD, 0x31, 0x02, 0x08, 0x7B,
  0xDB, 0xCC, 0xCC, 0xB2, 0x37, 0x00, 0x00, 0x00, 0x00, 0x00, 0x00, 0x00, 0x03, 0x00, 0x31, 0x8E,
  0x00, 0x01, 0x00, 0x00, 0x01, 0x00, 0x03, 0x01, 0x7C, 0xD6, 0x01, 0x00, 0x0A, 0x0F, 0x00, 0x0C,
  0x0E, 0x00, 0x91, 0xB9, 0x00, 0x4E, 0xDE, 0xC4, 0x76, 0xB8, 0xE0, 0x17, 0x8C, 0xBA, 0x14, 0xD3,
  0x66, 0x27, 0xDA, 0x4A, 0xB4, 0x8D, 0x80, 0xBA, 0x39, 0xDE, 0x22, 0x01, 0x74, 0x19, 0x88, 0xA4,
  0x88, 0xA7, 0x3C, 0xEF, 0xCF, 0xB8, 0x13, 0x02, 0x9E, 0xA3, 0xCA, 0x67, 0x2D, 0xBA, 0x6D, 0xEF,
  0x48, 0x00, 0xCE, 0xE9, 0xCA, 0x11, 0x05, 0x64, 0xE0, 0xB3, 0x0E, 0x02, 0xBC, 0xA6, 0x1E, 0x00,
  0x00, 0x00, 0x00, 0x00, 0x00, 0x04, 0x01, 0x55, 0x74, 0x00, 0x02, 0x00, 0x00, 0x00, 0x00, 0x00,
  0x99, 0xB1, 0x01, 0x00, 0x00, 0x0F, 0x1B, 0x17, 0x48, 0xEC, 0x58, 0x00, 0x24, 0xB2, 0xD3, 0xCF,
  0xCD, 0xD0, 0x88, 0x04, 0x10, 0xC9, 0xA4, 0x29, 0x14, 0x10, 0x00, 0x00, 0x00, 0x3D, 0xE3, 0x0C,
  0x00, 0x00, 0x18, 0xA3, 0xB3, 0x27, 0x44, 0xE5, 0x21, 0x69, 0x36, 0x48, 0xF7, 0xDB, 0x9C, 0x26,
  0xE5, 0xCB, 0x85, 0xAA, 0x6D, 0xA6, 0xFF, 0x7A, 0x03, 0x8C, 0xD6, 0x00, 0x38, 0xC2, 0xCF, 0xA5,
  0x14, 0x00, 0x00, 0x00, 0x00, 0x00, 0x01, 0x00, 0x1C, 0x84, 0x19, 0x00, 0x01, 0x00, 0x00, 0x00,
  0x03, 0x00, 0x22, 0xE4, 0x39, 0x01, 0x00, 0x00, 0x13, 0x07, 0x00, 0x09, 0x0E, 0xDD, 0x41, 0x00,
  0x2C, 0xBD, 0xD2, 0xC8, 0x8A, 0xB5, 0x8D, 0xE7, 0x2B, 0x0F, 0xCC, 0x97, 0x14, 0x57, 0xFD, 0x5E,
  0x7C, 0x64, 0x02, 0x39, 0xE7, 0x13, 0x08, 0x00, 0x9E, 0x93, 0x00, 0x00, 0x00, 0x3E, 0xD8, 0x7C,
  0xE0, 0xBE, 0x4D, 0xE4, 0x4A, 0x00, 0x01, 0x13, 0xBA, 0xFF, 0xB4, 0xEC, 0x54, 0x58, 0xF2, 0x3D,
  0x01, 0x00, 0x30, 0xBC, 0xEF, 0xB3, 0x1B, 0x00, 0x94, 0x70, 0x00, 0x0A, 0xA0, 0xFB, 0x60, 0x2D,
  0xFF, 0xA0, 0x30, 0xFD, 0xC0, 0x15, 0x3A, 0xE8, 0xA3, 0xD8, 0x82, 0xA7, 0xE7, 0xB6, 0x95, 0xEB,
  0x3C, 0x1C, 0xCA, 0xE0, 0xFF, 0x78, 0x2F, 0xF3, 0xAF, 0x1C, 0xE4, 0x3D, 0x00, 0x29, 0x6C, 0x4B,
  0x03, 0x36, 0xF2, 0x1B, 0x14, 0xE9, 0x3C, 0x01, 0x00, 0x00, 0x00, 0x00, 0x38, 0xF0, 0x0F, 0x17,
  0xE8, 0x3C, 0x00, 0x02, 0x01, 0x05, 0x01, 0x37, 0xF0, 0x13, 0x16, 0xE8, 0x3C, 0x00, 0x00, 0x00,
  0x03, 0x00, 0x37, 0xF0, 0x12, 0x16, 0xE8, 0x3C, 0x00, 0x00, 0x00, 0x03, 0x00, 0x37, 0xF0, 0x12,
  0x16, 0xE8, 0x3C, 0x00, 0x00, 0x00, 0x03, 0x00, 0x37, 0xF0, 0x12, 0x16, 0xE8, 0x3C, 0x01, 0x00,
  0x1C, 0x41, 0x1F, 0x00, 0x03, 0x06, 0x02, 0x01, 0x01, 0x00, 0x00, 0x00, 0x00, 0x42, 0xDC, 0xD2,
  0xE0, 0x42, 0x00, 0x00, 0x00, 0x00, 0x00, 0x03, 0x01, 0x00, 0x0F, 0xD5, 0x87, 0x00, 0x98, 0xB5,
  0x45, 0x9D, 0x29, 0x16, 0x0C, 0x00, 0x00, 0x00, 0x32, 0xE2, 0x3A, 0x9C, 0xCC, 0xB8, 0x7F, 0xFF,
  0x92, 0xA6, 0x94, 0xAD, 0x68, 0x0F, 0x3F, 0xD6, 0x6E, 0xF0, 0xAD, 0x7C, 0x82, 0xE0, 0xE6, 0xB0,
  0xE0, 0xB2, 0x9E, 0xA4, 0x26, 0xE6, 0x42, 0x83, 0xA7, 0x21, 0xCA, 0x94, 0x7D, 0x4A, 0x3F, 0x22,
  0x00, 0x00, 0x03, 0x9D, 0xCA, 0x2E, 0x24, 0xA6, 0xE3, 0x19, 0x00, 0x00, 0x00, 0x00, 0x03, 0x03,
  0x00, 0x0C, 0x98, 0xE1, 0xE4, 0xBD, 0x2E, 0x00, 0x03, 0x00, 0x03, 0x02, 0x00, 0x00,
};
